number,value,datetime_start,datetime_complete,duration,params_L1,params_L2,params_batchnorm,params_batchsize,params_dropout,params_lr,params_optimizer,system_attrs_cma:generation,system_attrs_cma:n_restarts,system_attrs_cma:optimizer:0,system_attrs_cma:optimizer:1,state
87,0.7799999713897705,2023-04-08 05:34:32.997898,2023-04-08 05:36:03.715999,0 days 00:01:30.718101,0.0,0.0,0,64,0.1,0.001,Adam,2.0,0.0,,,COMPLETE
77,0.7784000039100647,2023-04-08 05:29:16.791323,2023-04-08 05:30:58.605793,0 days 00:01:41.814470,0.0,0.0,0,32,0.1,0.001,Adam,2.0,0.0,,,COMPLETE
86,0.7675999999046326,2023-04-08 05:33:11.948971,2023-04-08 05:34:32.974469,0 days 00:01:21.025498,0.0,0.0,0,256,0.0,0.001,Adam,2.0,0.0,,,COMPLETE
4,0.7095999717712402,2023-04-08 04:48:25.405370,2023-04-08 04:50:25.779732,0 days 00:02:00.374362,0.0,0.01,0,32,0.2,0.01,SGD,0.0,0.0,,,COMPLETE
6,0.6935999989509583,2023-04-08 04:52:26.937204,2023-04-08 04:53:56.482080,0 days 00:01:29.544876,0.0,0.0,1,128,0.1,0.01,Adam,0.0,0.0,,,COMPLETE
96,0.6588000059127808,2023-04-08 05:38:26.628815,2023-04-08 05:40:13.958391,0 days 00:01:47.329576,0.001,0.001,1,32,0.1,0.01,SGD,3.0,0.0,800363636d6165732e5f636d610a434d410a7100298171017d71022858060000005f6e5f64696d71034b0258080000005f706f7073697a6571044b0658030000005f6d7571054b0358070000005f6d755f6566667106636e756d70792e636f72652e6d756c746961727261790a7363616c61720a7107636e756d70790a64747970650a7108580200000066387109898887710a52710b284b0358010000003c710c4e4e4e4affffffff4affffffff4b0074710d624308b753c6a5983a0040710e86710f52711058030000005f636371116807680b4308cf08f6cc59fce33f711286711352711458030000005f633171156807680b4308f572bcb3fdd0c33f711686711752711858040000005f636d7571196807680b4308031b52bcb49fad3f711a86711b52711c58080000005f635f7369676d61711d6807680b43089886065d9f8edc3f711e86711f52712058080000005f645f7369676d6171216807680b4308a6a141d7a723f73f712286712352712458030000005f636d71254b0158060000005f6368695f6e7126473ff411804baabfb458080000005f776569676874737127636e756d70792e636f72652e6d756c746961727261790a5f7265636f6e7374727563740a7128636e756d70790a6e6461727261790a71294b0085712a430162712b87712c52712d284b014b0685712e680858020000006638712f8988877130527131284b03680c4e4e4e4affffffff4affffffff4b00747132628943303d81341aa762e43fed14472b6636d23f67a23f812e11b43f94d816a51c54d2bfe3fe9c65897ae8bf916ebfbfe67ef2bf71337471346258080000005f705f7369676d617135682868294b00857136682b877137527138284b014b02857139680b894310335c53201e94ffbf9802a20759a3e4bf713a74713b6258030000005f7063713c682868294b0085713d682b87713e52713f284b014b02857140680b894310b3c971f6197bd8bf7108ec20860bd5bf71417471426258050000005f6d65616e7143682868294b00857144682b877145527146284b014b02857147683189431000000000000000005c09e0bfe197b73f71487471496258060000005f7369676d61714a6807680b4308f0bf464977dec83f714b86714c52714d58020000005f44714e4e58020000005f42714f4e58070000005f626f756e64737150682868294b00857151682b877152527153284b014b024b028671546831894320000000000000e0bf000000000000f83f9a9999999999a9bf666666666666d63f71557471566258110000005f6e5f6d61785f726573616d706c696e6771574b1458020000005f6771584b0358050000005f746f6c7871596807680b4308acf930f0d6c3323d715a86715b52715c58070000005f746f6c787570715d4740c388000000000,058070000005f746f6c66756e715e473d719799812dea1158100000005f746f6c636f6e646974696f6e636f76715f4742d6bcc41e900000580d0000005f66756e686973745f7465726d71604b14580f0000005f66756e686973745f76616c7565737161682868294b00857162682b877163527164284b014b2885716568318942400100000000000000000000000000000000f03f000000000bb5e6bf00000040f5b9babf000000c01e85e3bf0000008004c5dfbf00000080c2f5e8bf000000204a7be3bf000000000000f03f000000000000000000000000000000000000000000000000000000000000000000000000000000000000000000000040000000000000000000000000000000000000000000000000000000000000004000000000000000000000000000000000000000000000000000000000000000000000000000000040000000000000000000000000000000000000000000000000000000000000000000000000000000400000000000000000000000000000000000000000000000000000000000000000000000000000f03f0000000000000000000000000000f03f000000000000000000000000000000000000000000000000000000000000000071667471676258050000005f635f31647168682868294b00857169682b87716a52716b284b014b0385716c680b894318c75394f706d612401686d5874172d0bffacd61eabb43e63f716d74716e6275622e,COMPLETE
72,0.6535999774932861,2023-04-08 05:26:35.210909,2023-04-08 05:28:00.021505,0 days 00:01:24.810596,0.001,0.0,0,64,0.1,0.01,SGD,2.0,0.0,,,COMPLETE
61,0.6399999856948853,2023-04-08 05:20:56.724202,2023-04-08 05:22:34.140930,0 days 00:01:37.416728,0.001,0.01,0,32,0.1,0.01,SGD,2.0,0.0,800363636d6165732e5f636d610a434d410a7100298171017d71022858060000005f6e5f64696d71034b0258080000005f706f7073697a6571044b0658030000005f6d7571054b0358070000005f6d755f6566667106636e756d70792e636f72652e6d756c746961727261790a7363616c61720a7107636e756d70790a64747970650a7108580200000066387109898887710a52710b284b0358010000003c710c4e4e4e4affffffff4affffffff4b0074710d624308b753c6a5983a0040710e86710f52711058030000005f636371116807680b4308cf08f6cc59fce33f711286711352711458030000005f633171156807680b4308f572bcb3fdd0c33f711686711752711858040000005f636d7571196807680b4308031b52bcb49fad3f711a86711b52711c58080000005f635f7369676d61711d6807680b43089886065d9f8edc3f711e86711f52712058080000005f645f7369676d6171216807680b4308a6a141d7a723f73f712286712352712458030000005f636d71254b0158060000005f6368695f6e7126473ff411804baabfb458080000005f776569676874737127636e756d70792e636f72652e6d756c746961727261790a5f7265636f6e7374727563740a7128636e756d70790a6e6461727261790a71294b0085712a430162712b87712c52712d284b014b0685712e680858020000006638712f8988877130527131284b03680c4e4e4e4affffffff4affffffff4b00747132628943303d81341aa762e43fed14472b6636d23f67a23f812e11b43f94d816a51c54d2bfe3fe9c65897ae8bf916ebfbfe67ef2bf71337471346258080000005f705f7369676d617135682868294b00857136682b877137527138284b014b02857139680b8943105a5f9180d5500cc048e0dc73f12ee2bf713a74713b6258030000005f7063713c682868294b0085713d682b87713e52713f284b014b02857140680b89431089b489421c4df0bf59870f04fa14ba3f71417471426258050000005f6d65616e7143682868294b00857144682b877145527146284b014b0285714768318943100000000000000000b5321e8f2372c13f71487471496258060000005f7369676d61714a6807680b4308708fdb97d750c43f714b86714c52714d58020000005f44714e4e58020000005f42714f4e58070000005f626f756e64737150682868294b00857151682b877152527153284b014b024b028671546831894320000000000000e0bf000000000000f83f9a9999999999a9bf666666666666d63f71557471566258110000005f6e5f6d61785f726573616d706c696e6771574b1458020000005f6771584b0258050000005f746f6c7871596807680b4308acf930f0d6c3323d715a86715b52715c58070000005f746f6c787570715d4740c388000000000,058070000005f746f6c66756e715e473d719799812dea1158100000005f746f6c636f6e646974696f6e636f76715f4742d6bcc41e900000580d0000005f66756e686973745f7465726d71604b14580f0000005f66756e686973745f76616c7565737161682868294b00857162682b877163527164284b014b2885716568318942400100000000000000000000000000000000f03f000000000bb5e6bf00000040f5b9babf000000c01e85e3bf0000008004c5dfbf000000000000f03f0000000000000040000000000000f03f000000000000000000000000000000000000000000000000000000000000000000000000000000000000000000000040000000000000000000000000000000000000000000000000000000000000004000000000000000000000000000000000000000000000000000000000000000000000000000000040000000000000000000000000000000000000000000000000000000000000000000000000000000400000000000000000000000000000000000000000000000000000000000000000000000000000f03f0000000000000000000000000000f03f000000000000000000000000000000000000000000000000000000000000000071667471676258050000005f635f31647168682868294b00857169682b87716a52716b284b014b0385716c680b8943183dda2151667c144016f8d38cd755d3bf5615111d3836f03f716d74716e6275622e,COMPLETE
45,0.6100000143051147,2023-04-08 05:13:24.547507,2023-04-08 05:15:03.065861,0 days 00:01:38.518354,0.001,0.01,0,32,0.1,0.001,SGD,1.0,0.0,,,COMPLETE
66,0.6087999939918518,2023-04-08 05:23:38.740923,2023-04-08 05:24:58.869740,0 days 00:01:20.128817,0.0,0.01,0,128,0.1,0.01,SGD,2.0,0.0,,,COMPLETE
5,0.6067999601364136,2023-04-08 04:50:25.783176,2023-04-08 04:52:26.934291,0 days 00:02:01.151115,0.001,0.0,1,32,0.1,0.001,SGD,0.0,0.0,,,COMPLETE
9,0.5859999656677246,2023-04-08 04:57:08.230131,2023-04-08 04:58:34.360227,0 days 00:01:26.130096,0.0,0.01,0,128,0.2,0.01,SGD,1.0,0.0,,,COMPLETE
22,0.5708000063896179,2023-04-08 05:02:34.593612,2023-04-08 05:04:26.880082,0 days 00:01:52.286470,0.0,0.001,0,32,0.2,0.001,Adam,1.0,0.0,,,COMPLETE
7,0.5676000118255615,2023-04-08 04:53:56.484938,2023-04-08 04:55:43.553596,0 days 00:01:47.068658,0.01,0.001,1,32,0.1,0.001,SGD,1.0,0.0,800363636d6165732e5f636d610a434d410a7100298171017d71022858060000005f6e5f64696d71034b0258080000005f706f7073697a6571044b0658030000005f6d7571054b0358070000005f6d755f6566667106636e756d70792e636f72652e6d756c746961727261790a7363616c61720a7107636e756d70790a64747970650a7108580200000066387109898887710a52710b284b0358010000003c710c4e4e4e4affffffff4affffffff4b0074710d624308b753c6a5983a0040710e86710f52711058030000005f636371116807680b4308cf08f6cc59fce33f711286711352711458030000005f633171156807680b4308f572bcb3fdd0c33f711686711752711858040000005f636d7571196807680b4308031b52bcb49fad3f711a86711b52711c58080000005f635f7369676d61711d6807680b43089886065d9f8edc3f711e86711f52712058080000005f645f7369676d6171216807680b4308a6a141d7a723f73f712286712352712458030000005f636d71254b0158060000005f6368695f6e7126473ff411804baabfb458080000005f776569676874737127636e756d70792e636f72652e6d756c746961727261790a5f7265636f6e7374727563740a7128636e756d70790a6e6461727261790a71294b0085712a430162712b87712c52712d284b014b0685712e680b8943303d81341aa762e43fed14472b6636d23f67a23f812e11b43f94d816a51c54d2bfe3fe9c65897ae8bf916ebfbfe67ef2bf712f7471306258080000005f705f7369676d617131682868294b00857132682b877133527134284b014b02857135680b894310e77e862cc18003c0f2973d476834cf3f71367471376258030000005f70637138682868294b00857139682b87713a52713b284b014b0285713c680b89431024b46e9f8bb505c02c90584c095ed13f713d74713e6258050000005f6d65616e713f682868294b00857140682b877141527142284b014b02857143680b89431086fd96cbb13ad73fb23348d742f4c43f71447471456258050000005f635f31647146682868294b00857147682b877148527149284b014b0385714a680b894318da3ff7f01d3a14406e040b0b7cbeddbf4c1dc4724a9bee3f714b74714c6258060000005f7369676d61714d6807680b43080c92439f2ae7b63f714e86714f52715058020000005f4471514e58020000005f4271524e58070000005f626f756e64737153682868294b00857154682b877155527156284b014b024b02867157680b894320000000000000e0bf000000000000f83f9a9999999999a9bf666666666666d63f71587471596258110000005f6e5f6d61785f726573616d706c696e67715a4b1458020000005f67715b4b0158050000005f746f6c78715c6807680b4308acf930f0d6c3323,d715d86715e52715f58070000005f746f6c78757071604740c388000000000058070000005f746f6c66756e7161473d719799812dea1158100000005f746f6c636f6e646974696f6e636f7671624742d6bcc41e900000580d0000005f66756e686973745f7465726d71634b14580f0000005f66756e686973745f76616c7565737164682868294b00857165682b877166527167284b014b28857168680b8942400100000000000000000000000000000000f03f000000000bb5e6bf00000040f5b9babf000000000000f03f000000000000f03f000000000000f03f0000000000000040000000000000f03f000000000000000000000000000000000000000000000000000000000000000000000000000000000000000000000040000000000000000000000000000000000000000000000000000000000000004000000000000000000000000000000000000000000000000000000000000000000000000000000040000000000000000000000000000000000000000000000000000000000000000000000000000000400000000000000000000000000000000000000000000000000000000000000000000000000000f03f0000000000000000000000000000f03f0000000000000000000000000000000000000000000000000000000000000000716974716a6275622e,COMPLETE
47,0.5503999590873718,2023-04-08 05:15:18.519278,2023-04-08 05:16:20.707364,0 days 00:01:02.188086,0.0,0.01,0,128,0.2,0.01,SGD,2.0,0.0,800363636d6165732e5f636d610a434d410a7100298171017d71022858060000005f6e5f64696d71034b0258080000005f706f7073697a6571044b0658030000005f6d7571054b0358070000005f6d755f6566667106636e756d70792e636f72652e6d756c746961727261790a7363616c61720a7107636e756d70790a64747970650a7108580200000066387109898887710a52710b284b0358010000003c710c4e4e4e4affffffff4affffffff4b0074710d624308b753c6a5983a0040710e86710f52711058030000005f636371116807680b4308cf08f6cc59fce33f711286711352711458030000005f633171156807680b4308f572bcb3fdd0c33f711686711752711858040000005f636d7571196807680b4308031b52bcb49fad3f711a86711b52711c58080000005f635f7369676d61711d6807680b43089886065d9f8edc3f711e86711f52712058080000005f645f7369676d6171216807680b4308a6a141d7a723f73f712286712352712458030000005f636d71254b0158060000005f6368695f6e7126473ff411804baabfb458080000005f776569676874737127636e756d70792e636f72652e6d756c746961727261790a5f7265636f6e7374727563740a7128636e756d70790a6e6461727261790a71294b0085712a430162712b87712c52712d284b014b0685712e680858020000006638712f8988877130527131284b03680c4e4e4e4affffffff4affffffff4b00747132628943303d81341aa762e43fed14472b6636d23f67a23f812e11b43f94d816a51c54d2bfe3fe9c65897ae8bf916ebfbfe67ef2bf71337471346258080000005f705f7369676d617135682868294b00857136682b877137527138284b014b02857139680b8943105a5f9180d5500cc048e0dc73f12ee2bf713a74713b6258030000005f7063713c682868294b0085713d682b87713e52713f284b014b02857140680b89431089b489421c4df0bf59870f04fa14ba3f71417471426258050000005f6d65616e7143682868294b00857144682b877145527146284b014b0285714768318943100000000000000000b5321e8f2372c13f71487471496258060000005f7369676d61714a6807680b4308708fdb97d750c43f714b86714c52714d58020000005f44714e4e58020000005f42714f4e58070000005f626f756e64737150682868294b00857151682b877152527153284b014b024b028671546831894320000000000000e0bf000000000000f83f9a9999999999a9bf666666666666d63f71557471566258110000005f6e5f6d61785f726573616d706c696e6771574b1458020000005f6771584b0258050000005f746f6c7871596807680b4308acf930f0d6c3323d715a86715b52715c58070000005f746f6c787570715d4740c388000000000,058070000005f746f6c66756e715e473d719799812dea1158100000005f746f6c636f6e646974696f6e636f76715f4742d6bcc41e900000580d0000005f66756e686973745f7465726d71604b14580f0000005f66756e686973745f76616c7565737161682868294b00857162682b877163527164284b014b2885716568318942400100000000000000000000000000000000f03f000000000bb5e6bf00000040f5b9babf000000c01e85e3bf0000008004c5dfbf000000000000f03f0000000000000040000000000000f03f000000000000000000000000000000000000000000000000000000000000000000000000000000000000000000000040000000000000000000000000000000000000000000000000000000000000004000000000000000000000000000000000000000000000000000000000000000000000000000000040000000000000000000000000000000000000000000000000000000000000000000000000000000400000000000000000000000000000000000000000000000000000000000000000000000000000f03f0000000000000000000000000000f03f000000000000000000000000000000000000000000000000000000000000000071667471676258050000005f635f31647168682868294b00857169682b87716a52716b284b014b0385716c680b8943183dda2151667c144016f8d38cd755d3bf5615111d3836f03f716d74716e6275622e,PRUNED
41,0.5087999701499939,2023-04-08 05:11:41.168620,2023-04-08 05:12:33.097456,0 days 00:00:51.928836,0.001,0.0,0,64,0.2,0.01,SGD,1.0,0.0,,,PRUNED
38,0.5067999958992004,2023-04-08 05:09:51.603729,2023-04-08 05:11:10.678642,0 days 00:01:19.074913,0.001,0.01,1,128,0.1,0.01,SGD,1.0,0.0,,,COMPLETE
8,0.49639999866485596,2023-04-08 04:55:43.556578,2023-04-08 04:57:08.226051,0 days 00:01:24.669473,0.001,0.0,0,256,0.2,0.01,SGD,1.0,0.0,,,COMPLETE
55,0.4731999933719635,2023-04-08 05:18:44.710327,2023-04-08 05:19:34.299269,0 days 00:00:49.588942,0.001,0.0,0,64,0.3,0.01,SGD,2.0,0.0,800363636d6165732e5f636d610a434d410a7100298171017d71022858060000005f6e5f64696d71034b0258080000005f706f7073697a6571044b0658030000005f6d7571054b0358070000005f6d755f6566667106636e756d70792e636f72652e6d756c746961727261790a7363616c61720a7107636e756d70790a64747970650a7108580200000066387109898887710a52710b284b0358010000003c710c4e4e4e4affffffff4affffffff4b0074710d624308b753c6a5983a0040710e86710f52711058030000005f636371116807680b4308cf08f6cc59fce33f711286711352711458030000005f633171156807680b4308f572bcb3fdd0c33f711686711752711858040000005f636d7571196807680b4308031b52bcb49fad3f711a86711b52711c58080000005f635f7369676d61711d6807680b43089886065d9f8edc3f711e86711f52712058080000005f645f7369676d6171216807680b4308a6a141d7a723f73f712286712352712458030000005f636d71254b0158060000005f6368695f6e7126473ff411804baabfb458080000005f776569676874737127636e756d70792e636f72652e6d756c746961727261790a5f7265636f6e7374727563740a7128636e756d70790a6e6461727261790a71294b0085712a430162712b87712c52712d284b014b0685712e680858020000006638712f8988877130527131284b03680c4e4e4e4affffffff4affffffff4b00747132628943303d81341aa762e43fed14472b6636d23f67a23f812e11b43f94d816a51c54d2bfe3fe9c65897ae8bf916ebfbfe67ef2bf71337471346258080000005f705f7369676d617135682868294b00857136682b877137527138284b014b02857139680b8943105a5f9180d5500cc048e0dc73f12ee2bf713a74713b6258030000005f7063713c682868294b0085713d682b87713e52713f284b014b02857140680b89431089b489421c4df0bf59870f04fa14ba3f71417471426258050000005f6d65616e7143682868294b00857144682b877145527146284b014b0285714768318943100000000000000000b5321e8f2372c13f71487471496258060000005f7369676d61714a6807680b4308708fdb97d750c43f714b86714c52714d58020000005f44714e4e58020000005f42714f4e58070000005f626f756e64737150682868294b00857151682b877152527153284b014b024b028671546831894320000000000000e0bf000000000000f83f9a9999999999a9bf666666666666d63f71557471566258110000005f6e5f6d61785f726573616d706c696e6771574b1458020000005f6771584b0258050000005f746f6c7871596807680b4308acf930f0d6c3323d715a86715b52715c58070000005f746f6c787570715d4740c388000000000,058070000005f746f6c66756e715e473d719799812dea1158100000005f746f6c636f6e646974696f6e636f76715f4742d6bcc41e900000580d0000005f66756e686973745f7465726d71604b14580f0000005f66756e686973745f76616c7565737161682868294b00857162682b877163527164284b014b2885716568318942400100000000000000000000000000000000f03f000000000bb5e6bf00000040f5b9babf000000c01e85e3bf0000008004c5dfbf000000000000f03f0000000000000040000000000000f03f000000000000000000000000000000000000000000000000000000000000000000000000000000000000000000000040000000000000000000000000000000000000000000000000000000000000004000000000000000000000000000000000000000000000000000000000000000000000000000000040000000000000000000000000000000000000000000000000000000000000000000000000000000400000000000000000000000000000000000000000000000000000000000000000000000000000f03f0000000000000000000000000000f03f000000000000000000000000000000000000000000000000000000000000000071667471676258050000005f635f31647168682868294b00857169682b87716a52716b284b014b0385716c680b8943183dda2151667c144016f8d38cd755d3bf5615111d3836f03f716d74716e6275622e,PRUNED
34,0.4456000030040741,2023-04-08 05:08:00.050438,2023-04-08 05:08:44.852969,0 days 00:00:44.802531,0.0,0.001,0,256,0.2,0.001,Adam,1.0,0.0,,,PRUNED
31,0.44279998540878296,2023-04-08 05:06:53.988849,2023-04-08 05:07:26.962212,0 days 00:00:32.973363,0.0,0.001,0,64,0.3,0.01,SGD,1.0,0.0,,,PRUNED
15,0.4327999949455261,2023-04-08 05:00:08.939836,2023-04-08 05:00:42.911462,0 days 00:00:33.971626,0.0,0.0,1,256,0.2,0.01,Adam,1.0,0.0,,,PRUNED
70,0.3871999979019165,2023-04-08 05:25:49.717991,2023-04-08 05:26:19.908782,0 days 00:00:30.190791,0.0,0.0,0,256,0.1,0.01,Adam,2.0,0.0,,,PRUNED
3,0.37039998173713684,2023-04-08 04:46:48.970340,2023-04-08 04:48:25.386682,0 days 00:01:36.416342,0.0,0.0,1,128,0.2,0.001,SGD,0.0,0.0,,,COMPLETE
92,0.36719998717308044,2023-04-08 05:37:15.495554,2023-04-08 05:37:36.282696,0 days 00:00:20.787142,0.0,0.01,0,32,0.2,0.001,Adam,3.0,0.0,800363636d6165732e5f636d610a434d410a7100298171017d71022858060000005f6e5f64696d71034b0258080000005f706f7073697a6571044b0658030000005f6d7571054b0358070000005f6d755f6566667106636e756d70792e636f72652e6d756c746961727261790a7363616c61720a7107636e756d70790a64747970650a7108580200000066387109898887710a52710b284b0358010000003c710c4e4e4e4affffffff4affffffff4b0074710d624308b753c6a5983a0040710e86710f52711058030000005f636371116807680b4308cf08f6cc59fce33f711286711352711458030000005f633171156807680b4308f572bcb3fdd0c33f711686711752711858040000005f636d7571196807680b4308031b52bcb49fad3f711a86711b52711c58080000005f635f7369676d61711d6807680b43089886065d9f8edc3f711e86711f52712058080000005f645f7369676d6171216807680b4308a6a141d7a723f73f712286712352712458030000005f636d71254b0158060000005f6368695f6e7126473ff411804baabfb458080000005f776569676874737127636e756d70792e636f72652e6d756c746961727261790a5f7265636f6e7374727563740a7128636e756d70790a6e6461727261790a71294b0085712a430162712b87712c52712d284b014b0685712e680858020000006638712f8988877130527131284b03680c4e4e4e4affffffff4affffffff4b00747132628943303d81341aa762e43fed14472b6636d23f67a23f812e11b43f94d816a51c54d2bfe3fe9c65897ae8bf916ebfbfe67ef2bf71337471346258080000005f705f7369676d617135682868294b00857136682b877137527138284b014b02857139680b894310335c53201e94ffbf9802a20759a3e4bf713a74713b6258030000005f7063713c682868294b0085713d682b87713e52713f284b014b02857140680b894310b3c971f6197bd8bf7108ec20860bd5bf71417471426258050000005f6d65616e7143682868294b00857144682b877145527146284b014b02857147683189431000000000000000005c09e0bfe197b73f71487471496258060000005f7369676d61714a6807680b4308f0bf464977dec83f714b86714c52714d58020000005f44714e4e58020000005f42714f4e58070000005f626f756e64737150682868294b00857151682b877152527153284b014b024b028671546831894320000000000000e0bf000000000000f83f9a9999999999a9bf666666666666d63f71557471566258110000005f6e5f6d61785f726573616d706c696e6771574b1458020000005f6771584b0358050000005f746f6c7871596807680b4308acf930f0d6c3323d715a86715b52715c58070000005f746f6c787570715d4740c388000000000,058070000005f746f6c66756e715e473d719799812dea1158100000005f746f6c636f6e646974696f6e636f76715f4742d6bcc41e900000580d0000005f66756e686973745f7465726d71604b14580f0000005f66756e686973745f76616c7565737161682868294b00857162682b877163527164284b014b2885716568318942400100000000000000000000000000000000f03f000000000bb5e6bf00000040f5b9babf000000c01e85e3bf0000008004c5dfbf00000080c2f5e8bf000000204a7be3bf000000000000f03f000000000000000000000000000000000000000000000000000000000000000000000000000000000000000000000040000000000000000000000000000000000000000000000000000000000000004000000000000000000000000000000000000000000000000000000000000000000000000000000040000000000000000000000000000000000000000000000000000000000000000000000000000000400000000000000000000000000000000000000000000000000000000000000000000000000000f03f0000000000000000000000000000f03f000000000000000000000000000000000000000000000000000000000000000071667471676258050000005f635f31647168682868294b00857169682b87716a52716b284b014b0385716c680b894318c75394f706d612401686d5874172d0bffacd61eabb43e63f716d74716e6275622e,PRUNED
71,0.3635999858379364,2023-04-08 05:26:19.910470,2023-04-08 05:26:35.207901,0 days 00:00:15.297431,0.0,0.0,0,128,0.0,0.01,Adam,2.0,0.0,,,PRUNED
35,0.35760000348091125,2023-04-08 05:08:44.854907,2023-04-08 05:09:16.362963,0 days 00:00:31.508056,0.0,0.0,0,256,0.1,0.01,Adam,1.0,0.0,,,PRUNED
60,0.3540000021457672,2023-04-08 05:20:37.688953,2023-04-08 05:20:56.722565,0 days 00:00:19.033612,0.0,0.01,0,64,0.0,0.001,SGD,2.0,0.0,800363636d6165732e5f636d610a434d410a7100298171017d71022858060000005f6e5f64696d71034b0258080000005f706f7073697a6571044b0658030000005f6d7571054b0358070000005f6d755f6566667106636e756d70792e636f72652e6d756c746961727261790a7363616c61720a7107636e756d70790a64747970650a7108580200000066387109898887710a52710b284b0358010000003c710c4e4e4e4affffffff4affffffff4b0074710d624308b753c6a5983a0040710e86710f52711058030000005f636371116807680b4308cf08f6cc59fce33f711286711352711458030000005f633171156807680b4308f572bcb3fdd0c33f711686711752711858040000005f636d7571196807680b4308031b52bcb49fad3f711a86711b52711c58080000005f635f7369676d61711d6807680b43089886065d9f8edc3f711e86711f52712058080000005f645f7369676d6171216807680b4308a6a141d7a723f73f712286712352712458030000005f636d71254b0158060000005f6368695f6e7126473ff411804baabfb458080000005f776569676874737127636e756d70792e636f72652e6d756c746961727261790a5f7265636f6e7374727563740a7128636e756d70790a6e6461727261790a71294b0085712a430162712b87712c52712d284b014b0685712e680858020000006638712f8988877130527131284b03680c4e4e4e4affffffff4affffffff4b00747132628943303d81341aa762e43fed14472b6636d23f67a23f812e11b43f94d816a51c54d2bfe3fe9c65897ae8bf916ebfbfe67ef2bf71337471346258080000005f705f7369676d617135682868294b00857136682b877137527138284b014b02857139680b8943105a5f9180d5500cc048e0dc73f12ee2bf713a74713b6258030000005f7063713c682868294b0085713d682b87713e52713f284b014b02857140680b89431089b489421c4df0bf59870f04fa14ba3f71417471426258050000005f6d65616e7143682868294b00857144682b877145527146284b014b0285714768318943100000000000000000b5321e8f2372c13f71487471496258060000005f7369676d61714a6807680b4308708fdb97d750c43f714b86714c52714d58020000005f44714e4e58020000005f42714f4e58070000005f626f756e64737150682868294b00857151682b877152527153284b014b024b028671546831894320000000000000e0bf000000000000f83f9a9999999999a9bf666666666666d63f71557471566258110000005f6e5f6d61785f726573616d706c696e6771574b1458020000005f6771584b0258050000005f746f6c7871596807680b4308acf930f0d6c3323d715a86715b52715c58070000005f746f6c787570715d4740c388000000000,058070000005f746f6c66756e715e473d719799812dea1158100000005f746f6c636f6e646974696f6e636f76715f4742d6bcc41e900000580d0000005f66756e686973745f7465726d71604b14580f0000005f66756e686973745f76616c7565737161682868294b00857162682b877163527164284b014b2885716568318942400100000000000000000000000000000000f03f000000000bb5e6bf00000040f5b9babf000000c01e85e3bf0000008004c5dfbf000000000000f03f0000000000000040000000000000f03f000000000000000000000000000000000000000000000000000000000000000000000000000000000000000000000040000000000000000000000000000000000000000000000000000000000000004000000000000000000000000000000000000000000000000000000000000000000000000000000040000000000000000000000000000000000000000000000000000000000000000000000000000000400000000000000000000000000000000000000000000000000000000000000000000000000000f03f0000000000000000000000000000f03f000000000000000000000000000000000000000000000000000000000000000071667471676258050000005f635f31647168682868294b00857169682b87716a52716b284b014b0385716c680b8943183dda2151667c144016f8d38cd755d3bf5615111d3836f03f716d74716e6275622e,PRUNED
48,0.3499999940395355,2023-04-08 05:16:20.709745,2023-04-08 05:16:43.149741,0 days 00:00:22.439996,0.01,0.001,0,32,0.2,0.001,SGD,2.0,0.0,800363636d6165732e5f636d610a434d410a7100298171017d71022858060000005f6e5f64696d71034b0258080000005f706f7073697a6571044b0658030000005f6d7571054b0358070000005f6d755f6566667106636e756d70792e636f72652e6d756c746961727261790a7363616c61720a7107636e756d70790a64747970650a7108580200000066387109898887710a52710b284b0358010000003c710c4e4e4e4affffffff4affffffff4b0074710d624308b753c6a5983a0040710e86710f52711058030000005f636371116807680b4308cf08f6cc59fce33f711286711352711458030000005f633171156807680b4308f572bcb3fdd0c33f711686711752711858040000005f636d7571196807680b4308031b52bcb49fad3f711a86711b52711c58080000005f635f7369676d61711d6807680b43089886065d9f8edc3f711e86711f52712058080000005f645f7369676d6171216807680b4308a6a141d7a723f73f712286712352712458030000005f636d71254b0158060000005f6368695f6e7126473ff411804baabfb458080000005f776569676874737127636e756d70792e636f72652e6d756c746961727261790a5f7265636f6e7374727563740a7128636e756d70790a6e6461727261790a71294b0085712a430162712b87712c52712d284b014b0685712e680858020000006638712f8988877130527131284b03680c4e4e4e4affffffff4affffffff4b00747132628943303d81341aa762e43fed14472b6636d23f67a23f812e11b43f94d816a51c54d2bfe3fe9c65897ae8bf916ebfbfe67ef2bf71337471346258080000005f705f7369676d617135682868294b00857136682b877137527138284b014b02857139680b8943105a5f9180d5500cc048e0dc73f12ee2bf713a74713b6258030000005f7063713c682868294b0085713d682b87713e52713f284b014b02857140680b89431089b489421c4df0bf59870f04fa14ba3f71417471426258050000005f6d65616e7143682868294b00857144682b877145527146284b014b0285714768318943100000000000000000b5321e8f2372c13f71487471496258060000005f7369676d61714a6807680b4308708fdb97d750c43f714b86714c52714d58020000005f44714e4e58020000005f42714f4e58070000005f626f756e64737150682868294b00857151682b877152527153284b014b024b028671546831894320000000000000e0bf000000000000f83f9a9999999999a9bf666666666666d63f71557471566258110000005f6e5f6d61785f726573616d706c696e6771574b1458020000005f6771584b0258050000005f746f6c7871596807680b4308acf930f0d6c3323d715a86715b52715c58070000005f746f6c787570715d4740c388000000000,058070000005f746f6c66756e715e473d719799812dea1158100000005f746f6c636f6e646974696f6e636f76715f4742d6bcc41e900000580d0000005f66756e686973745f7465726d71604b14580f0000005f66756e686973745f76616c7565737161682868294b00857162682b877163527164284b014b2885716568318942400100000000000000000000000000000000f03f000000000bb5e6bf00000040f5b9babf000000c01e85e3bf0000008004c5dfbf000000000000f03f0000000000000040000000000000f03f000000000000000000000000000000000000000000000000000000000000000000000000000000000000000000000040000000000000000000000000000000000000000000000000000000000000004000000000000000000000000000000000000000000000000000000000000000000000000000000040000000000000000000000000000000000000000000000000000000000000000000000000000000400000000000000000000000000000000000000000000000000000000000000000000000000000f03f0000000000000000000000000000f03f000000000000000000000000000000000000000000000000000000000000000071667471676258050000005f635f31647168682868294b00857169682b87716a52716b284b014b0385716c680b8943183dda2151667c144016f8d38cd755d3bf5615111d3836f03f716d74716e6275622e,PRUNED
51,0.33399999141693115,2023-04-08 05:17:15.402780,2023-04-08 05:17:37.176318,0 days 00:00:21.773538,0.0,0.01,0,32,0.2,0.001,SGD,2.0,0.0,800363636d6165732e5f636d610a434d410a7100298171017d71022858060000005f6e5f64696d71034b0258080000005f706f7073697a6571044b0658030000005f6d7571054b0358070000005f6d755f6566667106636e756d70792e636f72652e6d756c746961727261790a7363616c61720a7107636e756d70790a64747970650a7108580200000066387109898887710a52710b284b0358010000003c710c4e4e4e4affffffff4affffffff4b0074710d624308b753c6a5983a0040710e86710f52711058030000005f636371116807680b4308cf08f6cc59fce33f711286711352711458030000005f633171156807680b4308f572bcb3fdd0c33f711686711752711858040000005f636d7571196807680b4308031b52bcb49fad3f711a86711b52711c58080000005f635f7369676d61711d6807680b43089886065d9f8edc3f711e86711f52712058080000005f645f7369676d6171216807680b4308a6a141d7a723f73f712286712352712458030000005f636d71254b0158060000005f6368695f6e7126473ff411804baabfb458080000005f776569676874737127636e756d70792e636f72652e6d756c746961727261790a5f7265636f6e7374727563740a7128636e756d70790a6e6461727261790a71294b0085712a430162712b87712c52712d284b014b0685712e680858020000006638712f8988877130527131284b03680c4e4e4e4affffffff4affffffff4b00747132628943303d81341aa762e43fed14472b6636d23f67a23f812e11b43f94d816a51c54d2bfe3fe9c65897ae8bf916ebfbfe67ef2bf71337471346258080000005f705f7369676d617135682868294b00857136682b877137527138284b014b02857139680b8943105a5f9180d5500cc048e0dc73f12ee2bf713a74713b6258030000005f7063713c682868294b0085713d682b87713e52713f284b014b02857140680b89431089b489421c4df0bf59870f04fa14ba3f71417471426258050000005f6d65616e7143682868294b00857144682b877145527146284b014b0285714768318943100000000000000000b5321e8f2372c13f71487471496258060000005f7369676d61714a6807680b4308708fdb97d750c43f714b86714c52714d58020000005f44714e4e58020000005f42714f4e58070000005f626f756e64737150682868294b00857151682b877152527153284b014b024b028671546831894320000000000000e0bf000000000000f83f9a9999999999a9bf666666666666d63f71557471566258110000005f6e5f6d61785f726573616d706c696e6771574b1458020000005f6771584b0258050000005f746f6c7871596807680b4308acf930f0d6c3323d715a86715b52715c58070000005f746f6c787570715d4740c388000000000,058070000005f746f6c66756e715e473d719799812dea1158100000005f746f6c636f6e646974696f6e636f76715f4742d6bcc41e900000580d0000005f66756e686973745f7465726d71604b14580f0000005f66756e686973745f76616c7565737161682868294b00857162682b877163527164284b014b2885716568318942400100000000000000000000000000000000f03f000000000bb5e6bf00000040f5b9babf000000c01e85e3bf0000008004c5dfbf000000000000f03f0000000000000040000000000000f03f000000000000000000000000000000000000000000000000000000000000000000000000000000000000000000000040000000000000000000000000000000000000000000000000000000000000004000000000000000000000000000000000000000000000000000000000000000000000000000000040000000000000000000000000000000000000000000000000000000000000000000000000000000400000000000000000000000000000000000000000000000000000000000000000000000000000f03f0000000000000000000000000000f03f000000000000000000000000000000000000000000000000000000000000000071667471676258050000005f635f31647168682868294b00857169682b87716a52716b284b014b0385716c680b8943183dda2151667c144016f8d38cd755d3bf5615111d3836f03f716d74716e6275622e,PRUNED
46,0.33319997787475586,2023-04-08 05:15:03.068879,2023-04-08 05:15:18.511765,0 days 00:00:15.442886,0.01,0.0,0,256,0.1,0.01,SGD,2.0,0.0,800363636d6165732e5f636d610a434d410a7100298171017d71022858060000005f6e5f64696d71034b0258080000005f706f7073697a6571044b0658030000005f6d7571054b0358070000005f6d755f6566667106636e756d70792e636f72652e6d756c746961727261790a7363616c61720a7107636e756d70790a64747970650a7108580200000066387109898887710a52710b284b0358010000003c710c4e4e4e4affffffff4affffffff4b0074710d624308b753c6a5983a0040710e86710f52711058030000005f636371116807680b4308cf08f6cc59fce33f711286711352711458030000005f633171156807680b4308f572bcb3fdd0c33f711686711752711858040000005f636d7571196807680b4308031b52bcb49fad3f711a86711b52711c58080000005f635f7369676d61711d6807680b43089886065d9f8edc3f711e86711f52712058080000005f645f7369676d6171216807680b4308a6a141d7a723f73f712286712352712458030000005f636d71254b0158060000005f6368695f6e7126473ff411804baabfb458080000005f776569676874737127636e756d70792e636f72652e6d756c746961727261790a5f7265636f6e7374727563740a7128636e756d70790a6e6461727261790a71294b0085712a430162712b87712c52712d284b014b0685712e680858020000006638712f8988877130527131284b03680c4e4e4e4affffffff4affffffff4b00747132628943303d81341aa762e43fed14472b6636d23f67a23f812e11b43f94d816a51c54d2bfe3fe9c65897ae8bf916ebfbfe67ef2bf71337471346258080000005f705f7369676d617135682868294b00857136682b877137527138284b014b02857139680b8943105a5f9180d5500cc048e0dc73f12ee2bf713a74713b6258030000005f7063713c682868294b0085713d682b87713e52713f284b014b02857140680b89431089b489421c4df0bf59870f04fa14ba3f71417471426258050000005f6d65616e7143682868294b00857144682b877145527146284b014b0285714768318943100000000000000000b5321e8f2372c13f71487471496258060000005f7369676d61714a6807680b4308708fdb97d750c43f714b86714c52714d58020000005f44714e4e58020000005f42714f4e58070000005f626f756e64737150682868294b00857151682b877152527153284b014b024b028671546831894320000000000000e0bf000000000000f83f9a9999999999a9bf666666666666d63f71557471566258110000005f6e5f6d61785f726573616d706c696e6771574b1458020000005f6771584b0258050000005f746f6c7871596807680b4308acf930f0d6c3323d715a86715b52715c58070000005f746f6c787570715d4740c388000000000,058070000005f746f6c66756e715e473d719799812dea1158100000005f746f6c636f6e646974696f6e636f76715f4742d6bcc41e900000580d0000005f66756e686973745f7465726d71604b14580f0000005f66756e686973745f76616c7565737161682868294b00857162682b877163527164284b014b2885716568318942400100000000000000000000000000000000f03f000000000bb5e6bf00000040f5b9babf000000c01e85e3bf0000008004c5dfbf000000000000f03f0000000000000040000000000000f03f000000000000000000000000000000000000000000000000000000000000000000000000000000000000000000000040000000000000000000000000000000000000000000000000000000000000004000000000000000000000000000000000000000000000000000000000000000000000000000000040000000000000000000000000000000000000000000000000000000000000000000000000000000400000000000000000000000000000000000000000000000000000000000000000000000000000f03f0000000000000000000000000000f03f000000000000000000000000000000000000000000000000000000000000000071667471676258050000005f635f31647168682868294b00857169682b87716a52716b284b014b0385716c680b8943183dda2151667c144016f8d38cd755d3bf5615111d3836f03f716d74716e6275622e,PRUNED
28,0.32600000500679016,2023-04-08 05:05:58.256447,2023-04-08 05:06:14.592154,0 days 00:00:16.335707,0.0,0.01,1,256,0.0,0.01,SGD,1.0,0.0,,,PRUNED
42,0.3179999887943268,2023-04-08 05:12:33.100485,2023-04-08 05:12:52.255929,0 days 00:00:19.155444,0.0,0.0,1,32,0.2,0.001,SGD,1.0,0.0,,,PRUNED
33,0.3163999915122986,2023-04-08 05:07:44.127556,2023-04-08 05:08:00.048495,0 days 00:00:15.920939,0.0,0.01,0,256,0.2,0.001,Adam,1.0,0.0,,,PRUNED
95,0.31039997935295105,2023-04-08 05:38:09.379354,2023-04-08 05:38:26.626983,0 days 00:00:17.247629,0.01,0.001,0,64,0.1,0.01,SGD,3.0,0.0,800363636d6165732e5f636d610a434d410a7100298171017d71022858060000005f6e5f64696d71034b0258080000005f706f7073697a6571044b0658030000005f6d7571054b0358070000005f6d755f6566667106636e756d70792e636f72652e6d756c746961727261790a7363616c61720a7107636e756d70790a64747970650a7108580200000066387109898887710a52710b284b0358010000003c710c4e4e4e4affffffff4affffffff4b0074710d624308b753c6a5983a0040710e86710f52711058030000005f636371116807680b4308cf08f6cc59fce33f711286711352711458030000005f633171156807680b4308f572bcb3fdd0c33f711686711752711858040000005f636d7571196807680b4308031b52bcb49fad3f711a86711b52711c58080000005f635f7369676d61711d6807680b43089886065d9f8edc3f711e86711f52712058080000005f645f7369676d6171216807680b4308a6a141d7a723f73f712286712352712458030000005f636d71254b0158060000005f6368695f6e7126473ff411804baabfb458080000005f776569676874737127636e756d70792e636f72652e6d756c746961727261790a5f7265636f6e7374727563740a7128636e756d70790a6e6461727261790a71294b0085712a430162712b87712c52712d284b014b0685712e680858020000006638712f8988877130527131284b03680c4e4e4e4affffffff4affffffff4b00747132628943303d81341aa762e43fed14472b6636d23f67a23f812e11b43f94d816a51c54d2bfe3fe9c65897ae8bf916ebfbfe67ef2bf71337471346258080000005f705f7369676d617135682868294b00857136682b877137527138284b014b02857139680b894310335c53201e94ffbf9802a20759a3e4bf713a74713b6258030000005f7063713c682868294b0085713d682b87713e52713f284b014b02857140680b894310b3c971f6197bd8bf7108ec20860bd5bf71417471426258050000005f6d65616e7143682868294b00857144682b877145527146284b014b02857147683189431000000000000000005c09e0bfe197b73f71487471496258060000005f7369676d61714a6807680b4308f0bf464977dec83f714b86714c52714d58020000005f44714e4e58020000005f42714f4e58070000005f626f756e64737150682868294b00857151682b877152527153284b014b024b028671546831894320000000000000e0bf000000000000f83f9a9999999999a9bf666666666666d63f71557471566258110000005f6e5f6d61785f726573616d706c696e6771574b1458020000005f6771584b0358050000005f746f6c7871596807680b4308acf930f0d6c3323d715a86715b52715c58070000005f746f6c787570715d4740c388000000000,058070000005f746f6c66756e715e473d719799812dea1158100000005f746f6c636f6e646974696f6e636f76715f4742d6bcc41e900000580d0000005f66756e686973745f7465726d71604b14580f0000005f66756e686973745f76616c7565737161682868294b00857162682b877163527164284b014b2885716568318942400100000000000000000000000000000000f03f000000000bb5e6bf00000040f5b9babf000000c01e85e3bf0000008004c5dfbf00000080c2f5e8bf000000204a7be3bf000000000000f03f000000000000000000000000000000000000000000000000000000000000000000000000000000000000000000000040000000000000000000000000000000000000000000000000000000000000004000000000000000000000000000000000000000000000000000000000000000000000000000000040000000000000000000000000000000000000000000000000000000000000000000000000000000400000000000000000000000000000000000000000000000000000000000000000000000000000f03f0000000000000000000000000000f03f000000000000000000000000000000000000000000000000000000000000000071667471676258050000005f635f31647168682868294b00857169682b87716a52716b284b014b0385716c680b894318c75394f706d612401686d5874172d0bffacd61eabb43e63f716d74716e6275622e,PRUNED
2,0.3084000051021576,2023-04-08 04:44:41.834880,2023-04-08 04:46:48.967295,0 days 00:02:07.132415,0.001,0.0,0,32,0.1,0.001,Adam,0.0,0.0,,,COMPLETE
98,0.30640000104904175,2023-04-08 05:40:29.732465,2023-04-08 05:40:46.820902,0 days 00:00:17.088437,0.01,0.0,0,64,0.1,0.001,SGD,3.0,0.0,,,PRUNED
85,0.3051999807357788,2023-04-08 05:32:53.512007,2023-04-08 05:33:11.946341,0 days 00:00:18.434334,0.001,0.0,0,32,0.3,0.001,SGD,2.0,0.0,,,PRUNED
83,0.30320000648498535,2023-04-08 05:32:23.083542,2023-04-08 05:32:38.089154,0 days 00:00:15.005612,0.01,0.001,0,256,0.1,0.01,SGD,2.0,0.0,,,PRUNED
18,0.2979999780654907,2023-04-08 05:01:22.515372,2023-04-08 05:01:39.654842,0 days 00:00:17.139470,0.0,0.001,0,256,0.2,0.01,SGD,1.0,0.0,,,PRUNED
84,0.2963999807834625,2023-04-08 05:32:38.091494,2023-04-08 05:32:53.510347,0 days 00:00:15.418853,0.0,0.0,0,256,0.2,0.01,Adam,2.0,0.0,,,PRUNED
91,0.2963999807834625,2023-04-08 05:36:58.419556,2023-04-08 05:37:15.493735,0 days 00:00:17.074179,0.0,0.01,0,64,0.1,0.001,SGD,3.0,0.0,800363636d6165732e5f636d610a434d410a7100298171017d71022858060000005f6e5f64696d71034b0258080000005f706f7073697a6571044b0658030000005f6d7571054b0358070000005f6d755f6566667106636e756d70792e636f72652e6d756c746961727261790a7363616c61720a7107636e756d70790a64747970650a7108580200000066387109898887710a52710b284b0358010000003c710c4e4e4e4affffffff4affffffff4b0074710d624308b753c6a5983a0040710e86710f52711058030000005f636371116807680b4308cf08f6cc59fce33f711286711352711458030000005f633171156807680b4308f572bcb3fdd0c33f711686711752711858040000005f636d7571196807680b4308031b52bcb49fad3f711a86711b52711c58080000005f635f7369676d61711d6807680b43089886065d9f8edc3f711e86711f52712058080000005f645f7369676d6171216807680b4308a6a141d7a723f73f712286712352712458030000005f636d71254b0158060000005f6368695f6e7126473ff411804baabfb458080000005f776569676874737127636e756d70792e636f72652e6d756c746961727261790a5f7265636f6e7374727563740a7128636e756d70790a6e6461727261790a71294b0085712a430162712b87712c52712d284b014b0685712e680858020000006638712f8988877130527131284b03680c4e4e4e4affffffff4affffffff4b00747132628943303d81341aa762e43fed14472b6636d23f67a23f812e11b43f94d816a51c54d2bfe3fe9c65897ae8bf916ebfbfe67ef2bf71337471346258080000005f705f7369676d617135682868294b00857136682b877137527138284b014b02857139680b894310335c53201e94ffbf9802a20759a3e4bf713a74713b6258030000005f7063713c682868294b0085713d682b87713e52713f284b014b02857140680b894310b3c971f6197bd8bf7108ec20860bd5bf71417471426258050000005f6d65616e7143682868294b00857144682b877145527146284b014b02857147683189431000000000000000005c09e0bfe197b73f71487471496258060000005f7369676d61714a6807680b4308f0bf464977dec83f714b86714c52714d58020000005f44714e4e58020000005f42714f4e58070000005f626f756e64737150682868294b00857151682b877152527153284b014b024b028671546831894320000000000000e0bf000000000000f83f9a9999999999a9bf666666666666d63f71557471566258110000005f6e5f6d61785f726573616d706c696e6771574b1458020000005f6771584b0358050000005f746f6c7871596807680b4308acf930f0d6c3323d715a86715b52715c58070000005f746f6c787570715d4740c388000000000,058070000005f746f6c66756e715e473d719799812dea1158100000005f746f6c636f6e646974696f6e636f76715f4742d6bcc41e900000580d0000005f66756e686973745f7465726d71604b14580f0000005f66756e686973745f76616c7565737161682868294b00857162682b877163527164284b014b2885716568318942400100000000000000000000000000000000f03f000000000bb5e6bf00000040f5b9babf000000c01e85e3bf0000008004c5dfbf00000080c2f5e8bf000000204a7be3bf000000000000f03f000000000000000000000000000000000000000000000000000000000000000000000000000000000000000000000040000000000000000000000000000000000000000000000000000000000000004000000000000000000000000000000000000000000000000000000000000000000000000000000040000000000000000000000000000000000000000000000000000000000000000000000000000000400000000000000000000000000000000000000000000000000000000000000000000000000000f03f0000000000000000000000000000f03f000000000000000000000000000000000000000000000000000000000000000071667471676258050000005f635f31647168682868294b00857169682b87716a52716b284b014b0385716c680b894318c75394f706d612401686d5874172d0bffacd61eabb43e63f716d74716e6275622e,PRUNED
13,0.29600000381469727,2023-04-08 04:59:32.605875,2023-04-08 04:59:50.226076,0 days 00:00:17.620201,0.001,0.0,0,256,0.2,0.01,SGD,1.0,0.0,,,PRUNED
30,0.29440000653266907,2023-04-08 05:06:34.780950,2023-04-08 05:06:53.979507,0 days 00:00:19.198557,0.001,0.01,0,64,0.1,0.001,SGD,1.0,0.0,,,PRUNED
27,0.28839999437332153,2023-04-08 05:05:37.781582,2023-04-08 05:05:58.254729,0 days 00:00:20.473147,0.001,0.001,0,64,0.2,0.001,SGD,1.0,0.0,,,PRUNED
82,0.2784000039100647,2023-04-08 05:32:07.154208,2023-04-08 05:32:23.064360,0 days 00:00:15.910152,0.001,0.0,0,256,0.2,0.01,SGD,2.0,0.0,,,PRUNED
64,0.2671999931335449,2023-04-08 05:23:06.632844,2023-04-08 05:23:21.634852,0 days 00:00:15.002008,0.01,0.0,0,256,0.2,0.01,SGD,2.0,0.0,,,PRUNED
17,0.22679999470710754,2023-04-08 05:01:04.842218,2023-04-08 05:01:22.513297,0 days 00:00:17.671079,0.01,0.0,1,256,0.2,0.01,SGD,1.0,0.0,,,PRUNED
74,0.2255999892950058,2023-04-08 05:28:19.127739,2023-04-08 05:28:33.820896,0 days 00:00:14.693157,0.01,0.001,1,128,0.1,0.001,SGD,2.0,0.0,,,PRUNED
90,0.2223999947309494,2023-04-08 05:36:42.879452,2023-04-08 05:36:58.416416,0 days 00:00:15.536964,0.01,0.01,1,128,0.1,0.001,SGD,3.0,0.0,800363636d6165732e5f636d610a434d410a7100298171017d71022858060000005f6e5f64696d71034b0258080000005f706f7073697a6571044b0658030000005f6d7571054b0358070000005f6d755f6566667106636e756d70792e636f72652e6d756c746961727261790a7363616c61720a7107636e756d70790a64747970650a7108580200000066387109898887710a52710b284b0358010000003c710c4e4e4e4affffffff4affffffff4b0074710d624308b753c6a5983a0040710e86710f52711058030000005f636371116807680b4308cf08f6cc59fce33f711286711352711458030000005f633171156807680b4308f572bcb3fdd0c33f711686711752711858040000005f636d7571196807680b4308031b52bcb49fad3f711a86711b52711c58080000005f635f7369676d61711d6807680b43089886065d9f8edc3f711e86711f52712058080000005f645f7369676d6171216807680b4308a6a141d7a723f73f712286712352712458030000005f636d71254b0158060000005f6368695f6e7126473ff411804baabfb458080000005f776569676874737127636e756d70792e636f72652e6d756c746961727261790a5f7265636f6e7374727563740a7128636e756d70790a6e6461727261790a71294b0085712a430162712b87712c52712d284b014b0685712e680858020000006638712f8988877130527131284b03680c4e4e4e4affffffff4affffffff4b00747132628943303d81341aa762e43fed14472b6636d23f67a23f812e11b43f94d816a51c54d2bfe3fe9c65897ae8bf916ebfbfe67ef2bf71337471346258080000005f705f7369676d617135682868294b00857136682b877137527138284b014b02857139680b894310335c53201e94ffbf9802a20759a3e4bf713a74713b6258030000005f7063713c682868294b0085713d682b87713e52713f284b014b02857140680b894310b3c971f6197bd8bf7108ec20860bd5bf71417471426258050000005f6d65616e7143682868294b00857144682b877145527146284b014b02857147683189431000000000000000005c09e0bfe197b73f71487471496258060000005f7369676d61714a6807680b4308f0bf464977dec83f714b86714c52714d58020000005f44714e4e58020000005f42714f4e58070000005f626f756e64737150682868294b00857151682b877152527153284b014b024b028671546831894320000000000000e0bf000000000000f83f9a9999999999a9bf666666666666d63f71557471566258110000005f6e5f6d61785f726573616d706c696e6771574b1458020000005f6771584b0358050000005f746f6c7871596807680b4308acf930f0d6c3323d715a86715b52715c58070000005f746f6c787570715d4740c388000000000,058070000005f746f6c66756e715e473d719799812dea1158100000005f746f6c636f6e646974696f6e636f76715f4742d6bcc41e900000580d0000005f66756e686973745f7465726d71604b14580f0000005f66756e686973745f76616c7565737161682868294b00857162682b877163527164284b014b2885716568318942400100000000000000000000000000000000f03f000000000bb5e6bf00000040f5b9babf000000c01e85e3bf0000008004c5dfbf00000080c2f5e8bf000000204a7be3bf000000000000f03f000000000000000000000000000000000000000000000000000000000000000000000000000000000000000000000040000000000000000000000000000000000000000000000000000000000000004000000000000000000000000000000000000000000000000000000000000000000000000000000040000000000000000000000000000000000000000000000000000000000000000000000000000000400000000000000000000000000000000000000000000000000000000000000000000000000000f03f0000000000000000000000000000f03f000000000000000000000000000000000000000000000000000000000000000071667471676258050000005f635f31647168682868294b00857169682b87716a52716b284b014b0385716c680b894318c75394f706d612401686d5874172d0bffacd61eabb43e63f716d74716e6275622e,PRUNED
11,0.219200000166893,2023-04-08 04:58:56.523644,2023-04-08 04:59:15.028907,0 days 00:00:18.505263,0.001,0.01,0,128,0.2,0.001,SGD,1.0,0.0,,,PRUNED
69,0.18639999628067017,2023-04-08 05:25:30.702425,2023-04-08 05:25:49.716271,0 days 00:00:19.013846,0.001,0.0,0,32,0.0,0.001,Adam,2.0,0.0,,,PRUNED
39,0.18079999089241028,2023-04-08 05:11:10.682716,2023-04-08 05:11:25.812080,0 days 00:00:15.129364,0.01,0.001,0,128,0.2,0.001,SGD,1.0,0.0,,,PRUNED
65,0.18079999089241028,2023-04-08 05:23:21.636486,2023-04-08 05:23:38.739178,0 days 00:00:17.102692,0.0,0.001,0,64,0.2,0.01,Adam,2.0,0.0,,,PRUNED
75,0.17520000040531158,2023-04-08 05:28:33.822554,2023-04-08 05:28:53.354263,0 days 00:00:19.531709,0.001,0.01,1,32,0.3,0.01,Adam,2.0,0.0,,,PRUNED
67,0.1735999882221222,2023-04-08 05:24:58.872704,2023-04-08 05:25:13.352742,0 days 00:00:14.480038,0.001,0.0,0,256,0.1,0.001,SGD,2.0,0.0,,,PRUNED
37,0.16679999232292175,2023-04-08 05:09:32.401811,2023-04-08 05:09:51.601189,0 days 00:00:19.199378,0.0,0.01,0,32,0.1,0.01,Adam,1.0,0.0,,,PRUNED
50,0.16599999368190765,2023-04-08 05:16:58.733242,2023-04-08 05:17:15.401118,0 days 00:00:16.667876,0.001,0.0,0,64,0.1,0.001,Adam,2.0,0.0,800363636d6165732e5f636d610a434d410a7100298171017d71022858060000005f6e5f64696d71034b0258080000005f706f7073697a6571044b0658030000005f6d7571054b0358070000005f6d755f6566667106636e756d70792e636f72652e6d756c746961727261790a7363616c61720a7107636e756d70790a64747970650a7108580200000066387109898887710a52710b284b0358010000003c710c4e4e4e4affffffff4affffffff4b0074710d624308b753c6a5983a0040710e86710f52711058030000005f636371116807680b4308cf08f6cc59fce33f711286711352711458030000005f633171156807680b4308f572bcb3fdd0c33f711686711752711858040000005f636d7571196807680b4308031b52bcb49fad3f711a86711b52711c58080000005f635f7369676d61711d6807680b43089886065d9f8edc3f711e86711f52712058080000005f645f7369676d6171216807680b4308a6a141d7a723f73f712286712352712458030000005f636d71254b0158060000005f6368695f6e7126473ff411804baabfb458080000005f776569676874737127636e756d70792e636f72652e6d756c746961727261790a5f7265636f6e7374727563740a7128636e756d70790a6e6461727261790a71294b0085712a430162712b87712c52712d284b014b0685712e680858020000006638712f8988877130527131284b03680c4e4e4e4affffffff4affffffff4b00747132628943303d81341aa762e43fed14472b6636d23f67a23f812e11b43f94d816a51c54d2bfe3fe9c65897ae8bf916ebfbfe67ef2bf71337471346258080000005f705f7369676d617135682868294b00857136682b877137527138284b014b02857139680b8943105a5f9180d5500cc048e0dc73f12ee2bf713a74713b6258030000005f7063713c682868294b0085713d682b87713e52713f284b014b02857140680b89431089b489421c4df0bf59870f04fa14ba3f71417471426258050000005f6d65616e7143682868294b00857144682b877145527146284b014b0285714768318943100000000000000000b5321e8f2372c13f71487471496258060000005f7369676d61714a6807680b4308708fdb97d750c43f714b86714c52714d58020000005f44714e4e58020000005f42714f4e58070000005f626f756e64737150682868294b00857151682b877152527153284b014b024b028671546831894320000000000000e0bf000000000000f83f9a9999999999a9bf666666666666d63f71557471566258110000005f6e5f6d61785f726573616d706c696e6771574b1458020000005f6771584b0258050000005f746f6c7871596807680b4308acf930f0d6c3323d715a86715b52715c58070000005f746f6c787570715d4740c388000000000,058070000005f746f6c66756e715e473d719799812dea1158100000005f746f6c636f6e646974696f6e636f76715f4742d6bcc41e900000580d0000005f66756e686973745f7465726d71604b14580f0000005f66756e686973745f76616c7565737161682868294b00857162682b877163527164284b014b2885716568318942400100000000000000000000000000000000f03f000000000bb5e6bf00000040f5b9babf000000c01e85e3bf0000008004c5dfbf000000000000f03f0000000000000040000000000000f03f000000000000000000000000000000000000000000000000000000000000000000000000000000000000000000000040000000000000000000000000000000000000000000000000000000000000004000000000000000000000000000000000000000000000000000000000000000000000000000000040000000000000000000000000000000000000000000000000000000000000000000000000000000400000000000000000000000000000000000000000000000000000000000000000000000000000f03f0000000000000000000000000000f03f000000000000000000000000000000000000000000000000000000000000000071667471676258050000005f635f31647168682868294b00857169682b87716a52716b284b014b0385716c680b8943183dda2151667c144016f8d38cd755d3bf5615111d3836f03f716d74716e6275622e,PRUNED
0,0.15879999101161957,2023-04-08 04:40:54.041030,2023-04-08 04:42:38.560203,0 days 00:01:44.519173,0.0,0.01,0,64,0.3,0.01,Adam,,,,,COMPLETE
73,0.15279999375343323,2023-04-08 05:28:00.024415,2023-04-08 05:28:19.124518,0 days 00:00:19.100103,0.001,0.0,0,64,0.0,0.01,Adam,2.0,0.0,,,PRUNED
44,0.14720000326633453,2023-04-08 05:13:08.082350,2023-04-08 05:13:24.545882,0 days 00:00:16.463532,0.001,0.01,0,128,0.2,0.001,Adam,1.0,0.0,,,PRUNED
53,0.14720000326633453,2023-04-08 05:18:10.110202,2023-04-08 05:18:25.335367,0 days 00:00:15.225165,0.0,0.0,0,256,0.2,0.001,SGD,2.0,0.0,800363636d6165732e5f636d610a434d410a7100298171017d71022858060000005f6e5f64696d71034b0258080000005f706f7073697a6571044b0658030000005f6d7571054b0358070000005f6d755f6566667106636e756d70792e636f72652e6d756c746961727261790a7363616c61720a7107636e756d70790a64747970650a7108580200000066387109898887710a52710b284b0358010000003c710c4e4e4e4affffffff4affffffff4b0074710d624308b753c6a5983a0040710e86710f52711058030000005f636371116807680b4308cf08f6cc59fce33f711286711352711458030000005f633171156807680b4308f572bcb3fdd0c33f711686711752711858040000005f636d7571196807680b4308031b52bcb49fad3f711a86711b52711c58080000005f635f7369676d61711d6807680b43089886065d9f8edc3f711e86711f52712058080000005f645f7369676d6171216807680b4308a6a141d7a723f73f712286712352712458030000005f636d71254b0158060000005f6368695f6e7126473ff411804baabfb458080000005f776569676874737127636e756d70792e636f72652e6d756c746961727261790a5f7265636f6e7374727563740a7128636e756d70790a6e6461727261790a71294b0085712a430162712b87712c52712d284b014b0685712e680858020000006638712f8988877130527131284b03680c4e4e4e4affffffff4affffffff4b00747132628943303d81341aa762e43fed14472b6636d23f67a23f812e11b43f94d816a51c54d2bfe3fe9c65897ae8bf916ebfbfe67ef2bf71337471346258080000005f705f7369676d617135682868294b00857136682b877137527138284b014b02857139680b8943105a5f9180d5500cc048e0dc73f12ee2bf713a74713b6258030000005f7063713c682868294b0085713d682b87713e52713f284b014b02857140680b89431089b489421c4df0bf59870f04fa14ba3f71417471426258050000005f6d65616e7143682868294b00857144682b877145527146284b014b0285714768318943100000000000000000b5321e8f2372c13f71487471496258060000005f7369676d61714a6807680b4308708fdb97d750c43f714b86714c52714d58020000005f44714e4e58020000005f42714f4e58070000005f626f756e64737150682868294b00857151682b877152527153284b014b024b028671546831894320000000000000e0bf000000000000f83f9a9999999999a9bf666666666666d63f71557471566258110000005f6e5f6d61785f726573616d706c696e6771574b1458020000005f6771584b0258050000005f746f6c7871596807680b4308acf930f0d6c3323d715a86715b52715c58070000005f746f6c787570715d4740c388000000000,058070000005f746f6c66756e715e473d719799812dea1158100000005f746f6c636f6e646974696f6e636f76715f4742d6bcc41e900000580d0000005f66756e686973745f7465726d71604b14580f0000005f66756e686973745f76616c7565737161682868294b00857162682b877163527164284b014b2885716568318942400100000000000000000000000000000000f03f000000000bb5e6bf00000040f5b9babf000000c01e85e3bf0000008004c5dfbf000000000000f03f0000000000000040000000000000f03f000000000000000000000000000000000000000000000000000000000000000000000000000000000000000000000040000000000000000000000000000000000000000000000000000000000000004000000000000000000000000000000000000000000000000000000000000000000000000000000040000000000000000000000000000000000000000000000000000000000000000000000000000000400000000000000000000000000000000000000000000000000000000000000000000000000000f03f0000000000000000000000000000f03f000000000000000000000000000000000000000000000000000000000000000071667471676258050000005f635f31647168682868294b00857169682b87716a52716b284b014b0385716c680b8943183dda2151667c144016f8d38cd755d3bf5615111d3836f03f716d74716e6275622e,PRUNED
14,0.14639998972415924,2023-04-08 04:59:50.228516,2023-04-08 05:00:08.936494,0 days 00:00:18.707978,0.001,0.01,0,64,0.2,0.01,Adam,1.0,0.0,,,PRUNED
57,0.14559999108314514,2023-04-08 05:19:50.290452,2023-04-08 05:20:06.144676,0 days 00:00:15.854224,0.001,0.001,0,128,0.0,0.001,Adam,2.0,0.0,800363636d6165732e5f636d610a434d410a7100298171017d71022858060000005f6e5f64696d71034b0258080000005f706f7073697a6571044b0658030000005f6d7571054b0358070000005f6d755f6566667106636e756d70792e636f72652e6d756c746961727261790a7363616c61720a7107636e756d70790a64747970650a7108580200000066387109898887710a52710b284b0358010000003c710c4e4e4e4affffffff4affffffff4b0074710d624308b753c6a5983a0040710e86710f52711058030000005f636371116807680b4308cf08f6cc59fce33f711286711352711458030000005f633171156807680b4308f572bcb3fdd0c33f711686711752711858040000005f636d7571196807680b4308031b52bcb49fad3f711a86711b52711c58080000005f635f7369676d61711d6807680b43089886065d9f8edc3f711e86711f52712058080000005f645f7369676d6171216807680b4308a6a141d7a723f73f712286712352712458030000005f636d71254b0158060000005f6368695f6e7126473ff411804baabfb458080000005f776569676874737127636e756d70792e636f72652e6d756c746961727261790a5f7265636f6e7374727563740a7128636e756d70790a6e6461727261790a71294b0085712a430162712b87712c52712d284b014b0685712e680858020000006638712f8988877130527131284b03680c4e4e4e4affffffff4affffffff4b00747132628943303d81341aa762e43fed14472b6636d23f67a23f812e11b43f94d816a51c54d2bfe3fe9c65897ae8bf916ebfbfe67ef2bf71337471346258080000005f705f7369676d617135682868294b00857136682b877137527138284b014b02857139680b8943105a5f9180d5500cc048e0dc73f12ee2bf713a74713b6258030000005f7063713c682868294b0085713d682b87713e52713f284b014b02857140680b89431089b489421c4df0bf59870f04fa14ba3f71417471426258050000005f6d65616e7143682868294b00857144682b877145527146284b014b0285714768318943100000000000000000b5321e8f2372c13f71487471496258060000005f7369676d61714a6807680b4308708fdb97d750c43f714b86714c52714d58020000005f44714e4e58020000005f42714f4e58070000005f626f756e64737150682868294b00857151682b877152527153284b014b024b028671546831894320000000000000e0bf000000000000f83f9a9999999999a9bf666666666666d63f71557471566258110000005f6e5f6d61785f726573616d706c696e6771574b1458020000005f6771584b0258050000005f746f6c7871596807680b4308acf930f0d6c3323d715a86715b52715c58070000005f746f6c787570715d4740c388000000000,058070000005f746f6c66756e715e473d719799812dea1158100000005f746f6c636f6e646974696f6e636f76715f4742d6bcc41e900000580d0000005f66756e686973745f7465726d71604b14580f0000005f66756e686973745f76616c7565737161682868294b00857162682b877163527164284b014b2885716568318942400100000000000000000000000000000000f03f000000000bb5e6bf00000040f5b9babf000000c01e85e3bf0000008004c5dfbf000000000000f03f0000000000000040000000000000f03f000000000000000000000000000000000000000000000000000000000000000000000000000000000000000000000040000000000000000000000000000000000000000000000000000000000000004000000000000000000000000000000000000000000000000000000000000000000000000000000040000000000000000000000000000000000000000000000000000000000000000000000000000000400000000000000000000000000000000000000000000000000000000000000000000000000000f03f0000000000000000000000000000f03f000000000000000000000000000000000000000000000000000000000000000071667471676258050000005f635f31647168682868294b00857169682b87716a52716b284b014b0385716c680b8943183dda2151667c144016f8d38cd755d3bf5615111d3836f03f716d74716e6275622e,PRUNED
93,0.1451999992132187,2023-04-08 05:37:36.284283,2023-04-08 05:37:53.385800,0 days 00:00:17.101517,0.001,0.01,0,256,0.2,0.001,SGD,3.0,0.0,800363636d6165732e5f636d610a434d410a7100298171017d71022858060000005f6e5f64696d71034b0258080000005f706f7073697a6571044b0658030000005f6d7571054b0358070000005f6d755f6566667106636e756d70792e636f72652e6d756c746961727261790a7363616c61720a7107636e756d70790a64747970650a7108580200000066387109898887710a52710b284b0358010000003c710c4e4e4e4affffffff4affffffff4b0074710d624308b753c6a5983a0040710e86710f52711058030000005f636371116807680b4308cf08f6cc59fce33f711286711352711458030000005f633171156807680b4308f572bcb3fdd0c33f711686711752711858040000005f636d7571196807680b4308031b52bcb49fad3f711a86711b52711c58080000005f635f7369676d61711d6807680b43089886065d9f8edc3f711e86711f52712058080000005f645f7369676d6171216807680b4308a6a141d7a723f73f712286712352712458030000005f636d71254b0158060000005f6368695f6e7126473ff411804baabfb458080000005f776569676874737127636e756d70792e636f72652e6d756c746961727261790a5f7265636f6e7374727563740a7128636e756d70790a6e6461727261790a71294b0085712a430162712b87712c52712d284b014b0685712e680858020000006638712f8988877130527131284b03680c4e4e4e4affffffff4affffffff4b00747132628943303d81341aa762e43fed14472b6636d23f67a23f812e11b43f94d816a51c54d2bfe3fe9c65897ae8bf916ebfbfe67ef2bf71337471346258080000005f705f7369676d617135682868294b00857136682b877137527138284b014b02857139680b894310335c53201e94ffbf9802a20759a3e4bf713a74713b6258030000005f7063713c682868294b0085713d682b87713e52713f284b014b02857140680b894310b3c971f6197bd8bf7108ec20860bd5bf71417471426258050000005f6d65616e7143682868294b00857144682b877145527146284b014b02857147683189431000000000000000005c09e0bfe197b73f71487471496258060000005f7369676d61714a6807680b4308f0bf464977dec83f714b86714c52714d58020000005f44714e4e58020000005f42714f4e58070000005f626f756e64737150682868294b00857151682b877152527153284b014b024b028671546831894320000000000000e0bf000000000000f83f9a9999999999a9bf666666666666d63f71557471566258110000005f6e5f6d61785f726573616d706c696e6771574b1458020000005f6771584b0358050000005f746f6c7871596807680b4308acf930f0d6c3323d715a86715b52715c58070000005f746f6c787570715d4740c388000000000,058070000005f746f6c66756e715e473d719799812dea1158100000005f746f6c636f6e646974696f6e636f76715f4742d6bcc41e900000580d0000005f66756e686973745f7465726d71604b14580f0000005f66756e686973745f76616c7565737161682868294b00857162682b877163527164284b014b2885716568318942400100000000000000000000000000000000f03f000000000bb5e6bf00000040f5b9babf000000c01e85e3bf0000008004c5dfbf00000080c2f5e8bf000000204a7be3bf000000000000f03f000000000000000000000000000000000000000000000000000000000000000000000000000000000000000000000040000000000000000000000000000000000000000000000000000000000000004000000000000000000000000000000000000000000000000000000000000000000000000000000040000000000000000000000000000000000000000000000000000000000000000000000000000000400000000000000000000000000000000000000000000000000000000000000000000000000000f03f0000000000000000000000000000f03f000000000000000000000000000000000000000000000000000000000000000071667471676258050000005f635f31647168682868294b00857169682b87716a52716b284b014b0385716c680b894318c75394f706d612401686d5874172d0bffacd61eabb43e63f716d74716e6275622e,PRUNED
43,0.14479999244213104,2023-04-08 05:12:52.257652,2023-04-08 05:13:08.080676,0 days 00:00:15.823024,0.0,0.001,1,256,0.2,0.001,SGD,1.0,0.0,,,PRUNED
76,0.1403999924659729,2023-04-08 05:28:53.355893,2023-04-08 05:29:16.788587,0 days 00:00:23.432694,0.001,0.0,1,32,0.2,0.01,Adam,2.0,0.0,,,PRUNED
29,0.12919999659061432,2023-04-08 05:06:14.594713,2023-04-08 05:06:34.779347,0 days 00:00:20.184634,0.01,0.001,0,32,0.3,0.001,Adam,1.0,0.0,,,PRUNED
88,0.12600000202655792,2023-04-08 05:36:03.721934,2023-04-08 05:36:24.567406,0 days 00:00:20.845472,0.0,0.01,1,32,0.1,0.01,Adam,3.0,0.0,800363636d6165732e5f636d610a434d410a7100298171017d71022858060000005f6e5f64696d71034b0258080000005f706f7073697a6571044b0658030000005f6d7571054b0358070000005f6d755f6566667106636e756d70792e636f72652e6d756c746961727261790a7363616c61720a7107636e756d70790a64747970650a7108580200000066387109898887710a52710b284b0358010000003c710c4e4e4e4affffffff4affffffff4b0074710d624308b753c6a5983a0040710e86710f52711058030000005f636371116807680b4308cf08f6cc59fce33f711286711352711458030000005f633171156807680b4308f572bcb3fdd0c33f711686711752711858040000005f636d7571196807680b4308031b52bcb49fad3f711a86711b52711c58080000005f635f7369676d61711d6807680b43089886065d9f8edc3f711e86711f52712058080000005f645f7369676d6171216807680b4308a6a141d7a723f73f712286712352712458030000005f636d71254b0158060000005f6368695f6e7126473ff411804baabfb458080000005f776569676874737127636e756d70792e636f72652e6d756c746961727261790a5f7265636f6e7374727563740a7128636e756d70790a6e6461727261790a71294b0085712a430162712b87712c52712d284b014b0685712e680858020000006638712f8988877130527131284b03680c4e4e4e4affffffff4affffffff4b00747132628943303d81341aa762e43fed14472b6636d23f67a23f812e11b43f94d816a51c54d2bfe3fe9c65897ae8bf916ebfbfe67ef2bf71337471346258080000005f705f7369676d617135682868294b00857136682b877137527138284b014b02857139680b894310335c53201e94ffbf9802a20759a3e4bf713a74713b6258030000005f7063713c682868294b0085713d682b87713e52713f284b014b02857140680b894310b3c971f6197bd8bf7108ec20860bd5bf71417471426258050000005f6d65616e7143682868294b00857144682b877145527146284b014b02857147683189431000000000000000005c09e0bfe197b73f71487471496258060000005f7369676d61714a6807680b4308f0bf464977dec83f714b86714c52714d58020000005f44714e4e58020000005f42714f4e58070000005f626f756e64737150682868294b00857151682b877152527153284b014b024b028671546831894320000000000000e0bf000000000000f83f9a9999999999a9bf666666666666d63f71557471566258110000005f6e5f6d61785f726573616d706c696e6771574b1458020000005f6771584b0358050000005f746f6c7871596807680b4308acf930f0d6c3323d715a86715b52715c58070000005f746f6c787570715d4740c388000000000,058070000005f746f6c66756e715e473d719799812dea1158100000005f746f6c636f6e646974696f6e636f76715f4742d6bcc41e900000580d0000005f66756e686973745f7465726d71604b14580f0000005f66756e686973745f76616c7565737161682868294b00857162682b877163527164284b014b2885716568318942400100000000000000000000000000000000f03f000000000bb5e6bf00000040f5b9babf000000c01e85e3bf0000008004c5dfbf00000080c2f5e8bf000000204a7be3bf000000000000f03f000000000000000000000000000000000000000000000000000000000000000000000000000000000000000000000040000000000000000000000000000000000000000000000000000000000000004000000000000000000000000000000000000000000000000000000000000000000000000000000040000000000000000000000000000000000000000000000000000000000000000000000000000000400000000000000000000000000000000000000000000000000000000000000000000000000000f03f0000000000000000000000000000f03f000000000000000000000000000000000000000000000000000000000000000071667471676258050000005f635f31647168682868294b00857169682b87716a52716b284b014b0385716c680b894318c75394f706d612401686d5874172d0bffacd61eabb43e63f716d74716e6275622e,PRUNED
62,0.11639999598264694,2023-04-08 05:22:34.143514,2023-04-08 05:22:51.804003,0 days 00:00:17.660489,0.0,0.001,0,128,0.3,0.01,Adam,2.0,0.0,,,PRUNED
19,0.11599999666213989,2023-04-08 05:01:39.656697,2023-04-08 05:01:58.386131,0 days 00:00:18.729434,0.01,0.0,1,64,0.2,0.001,Adam,1.0,0.0,,,PRUNED
59,0.11239999532699585,2023-04-08 05:20:21.341648,2023-04-08 05:20:37.686778,0 days 00:00:16.345130,0.001,0.0,0,128,0.1,0.001,Adam,2.0,0.0,800363636d6165732e5f636d610a434d410a7100298171017d71022858060000005f6e5f64696d71034b0258080000005f706f7073697a6571044b0658030000005f6d7571054b0358070000005f6d755f6566667106636e756d70792e636f72652e6d756c746961727261790a7363616c61720a7107636e756d70790a64747970650a7108580200000066387109898887710a52710b284b0358010000003c710c4e4e4e4affffffff4affffffff4b0074710d624308b753c6a5983a0040710e86710f52711058030000005f636371116807680b4308cf08f6cc59fce33f711286711352711458030000005f633171156807680b4308f572bcb3fdd0c33f711686711752711858040000005f636d7571196807680b4308031b52bcb49fad3f711a86711b52711c58080000005f635f7369676d61711d6807680b43089886065d9f8edc3f711e86711f52712058080000005f645f7369676d6171216807680b4308a6a141d7a723f73f712286712352712458030000005f636d71254b0158060000005f6368695f6e7126473ff411804baabfb458080000005f776569676874737127636e756d70792e636f72652e6d756c746961727261790a5f7265636f6e7374727563740a7128636e756d70790a6e6461727261790a71294b0085712a430162712b87712c52712d284b014b0685712e680858020000006638712f8988877130527131284b03680c4e4e4e4affffffff4affffffff4b00747132628943303d81341aa762e43fed14472b6636d23f67a23f812e11b43f94d816a51c54d2bfe3fe9c65897ae8bf916ebfbfe67ef2bf71337471346258080000005f705f7369676d617135682868294b00857136682b877137527138284b014b02857139680b8943105a5f9180d5500cc048e0dc73f12ee2bf713a74713b6258030000005f7063713c682868294b0085713d682b87713e52713f284b014b02857140680b89431089b489421c4df0bf59870f04fa14ba3f71417471426258050000005f6d65616e7143682868294b00857144682b877145527146284b014b0285714768318943100000000000000000b5321e8f2372c13f71487471496258060000005f7369676d61714a6807680b4308708fdb97d750c43f714b86714c52714d58020000005f44714e4e58020000005f42714f4e58070000005f626f756e64737150682868294b00857151682b877152527153284b014b024b028671546831894320000000000000e0bf000000000000f83f9a9999999999a9bf666666666666d63f71557471566258110000005f6e5f6d61785f726573616d706c696e6771574b1458020000005f6771584b0258050000005f746f6c7871596807680b4308acf930f0d6c3323d715a86715b52715c58070000005f746f6c787570715d4740c388000000000,058070000005f746f6c66756e715e473d719799812dea1158100000005f746f6c636f6e646974696f6e636f76715f4742d6bcc41e900000580d0000005f66756e686973745f7465726d71604b14580f0000005f66756e686973745f76616c7565737161682868294b00857162682b877163527164284b014b2885716568318942400100000000000000000000000000000000f03f000000000bb5e6bf00000040f5b9babf000000c01e85e3bf0000008004c5dfbf000000000000f03f0000000000000040000000000000f03f000000000000000000000000000000000000000000000000000000000000000000000000000000000000000000000040000000000000000000000000000000000000000000000000000000000000004000000000000000000000000000000000000000000000000000000000000000000000000000000040000000000000000000000000000000000000000000000000000000000000000000000000000000400000000000000000000000000000000000000000000000000000000000000000000000000000f03f0000000000000000000000000000f03f000000000000000000000000000000000000000000000000000000000000000071667471676258050000005f635f31647168682868294b00857169682b87716a52716b284b014b0385716c680b8943183dda2151667c144016f8d38cd755d3bf5615111d3836f03f716d74716e6275622e,PRUNED
81,0.10639999806880951,2023-04-08 05:31:47.981095,2023-04-08 05:32:07.151466,0 days 00:00:19.170371,0.001,0.01,0,32,0.0,0.001,Adam,2.0,0.0,,,PRUNED
12,0.10599999874830246,2023-04-08 04:59:15.048028,2023-04-08 04:59:32.604253,0 days 00:00:17.556225,0.01,0.0,0,128,0.2,0.01,Adam,1.0,0.0,,,PRUNED
54,0.10599999874830246,2023-04-08 05:18:25.337061,2023-04-08 05:18:44.708407,0 days 00:00:19.371346,0.001,0.01,0,64,0.1,0.001,Adam,2.0,0.0,800363636d6165732e5f636d610a434d410a7100298171017d71022858060000005f6e5f64696d71034b0258080000005f706f7073697a6571044b0658030000005f6d7571054b0358070000005f6d755f6566667106636e756d70792e636f72652e6d756c746961727261790a7363616c61720a7107636e756d70790a64747970650a7108580200000066387109898887710a52710b284b0358010000003c710c4e4e4e4affffffff4affffffff4b0074710d624308b753c6a5983a0040710e86710f52711058030000005f636371116807680b4308cf08f6cc59fce33f711286711352711458030000005f633171156807680b4308f572bcb3fdd0c33f711686711752711858040000005f636d7571196807680b4308031b52bcb49fad3f711a86711b52711c58080000005f635f7369676d61711d6807680b43089886065d9f8edc3f711e86711f52712058080000005f645f7369676d6171216807680b4308a6a141d7a723f73f712286712352712458030000005f636d71254b0158060000005f6368695f6e7126473ff411804baabfb458080000005f776569676874737127636e756d70792e636f72652e6d756c746961727261790a5f7265636f6e7374727563740a7128636e756d70790a6e6461727261790a71294b0085712a430162712b87712c52712d284b014b0685712e680858020000006638712f8988877130527131284b03680c4e4e4e4affffffff4affffffff4b00747132628943303d81341aa762e43fed14472b6636d23f67a23f812e11b43f94d816a51c54d2bfe3fe9c65897ae8bf916ebfbfe67ef2bf71337471346258080000005f705f7369676d617135682868294b00857136682b877137527138284b014b02857139680b8943105a5f9180d5500cc048e0dc73f12ee2bf713a74713b6258030000005f7063713c682868294b0085713d682b87713e52713f284b014b02857140680b89431089b489421c4df0bf59870f04fa14ba3f71417471426258050000005f6d65616e7143682868294b00857144682b877145527146284b014b0285714768318943100000000000000000b5321e8f2372c13f71487471496258060000005f7369676d61714a6807680b4308708fdb97d750c43f714b86714c52714d58020000005f44714e4e58020000005f42714f4e58070000005f626f756e64737150682868294b00857151682b877152527153284b014b024b028671546831894320000000000000e0bf000000000000f83f9a9999999999a9bf666666666666d63f71557471566258110000005f6e5f6d61785f726573616d706c696e6771574b1458020000005f6771584b0258050000005f746f6c7871596807680b4308acf930f0d6c3323d715a86715b52715c58070000005f746f6c787570715d4740c388000000000,058070000005f746f6c66756e715e473d719799812dea1158100000005f746f6c636f6e646974696f6e636f76715f4742d6bcc41e900000580d0000005f66756e686973745f7465726d71604b14580f0000005f66756e686973745f76616c7565737161682868294b00857162682b877163527164284b014b2885716568318942400100000000000000000000000000000000f03f000000000bb5e6bf00000040f5b9babf000000c01e85e3bf0000008004c5dfbf000000000000f03f0000000000000040000000000000f03f000000000000000000000000000000000000000000000000000000000000000000000000000000000000000000000040000000000000000000000000000000000000000000000000000000000000004000000000000000000000000000000000000000000000000000000000000000000000000000000040000000000000000000000000000000000000000000000000000000000000000000000000000000400000000000000000000000000000000000000000000000000000000000000000000000000000f03f0000000000000000000000000000f03f000000000000000000000000000000000000000000000000000000000000000071667471676258050000005f635f31647168682868294b00857169682b87716a52716b284b014b0385716c680b8943183dda2151667c144016f8d38cd755d3bf5615111d3836f03f716d74716e6275622e,PRUNED
36,0.10599999874830246,2023-04-08 05:09:16.364640,2023-04-08 05:09:32.400440,0 days 00:00:16.035800,0.01,0.001,0,128,0.2,0.01,Adam,1.0,0.0,,,PRUNED
63,0.10599999874830246,2023-04-08 05:22:51.807178,2023-04-08 05:23:06.630930,0 days 00:00:14.823752,0.001,0.0,0,256,0.0,0.01,Adam,2.0,0.0,,,PRUNED
78,0.10599999874830246,2023-04-08 05:30:58.608413,2023-04-08 05:31:13.763199,0 days 00:00:15.154786,0.001,0.001,0,256,0.1,0.01,Adam,2.0,0.0,,,PRUNED
56,0.10559999942779541,2023-04-08 05:19:34.303247,2023-04-08 05:19:50.288689,0 days 00:00:15.985442,0.001,0.001,1,256,0.0,0.001,Adam,2.0,0.0,800363636d6165732e5f636d610a434d410a7100298171017d71022858060000005f6e5f64696d71034b0258080000005f706f7073697a6571044b0658030000005f6d7571054b0358070000005f6d755f6566667106636e756d70792e636f72652e6d756c746961727261790a7363616c61720a7107636e756d70790a64747970650a7108580200000066387109898887710a52710b284b0358010000003c710c4e4e4e4affffffff4affffffff4b0074710d624308b753c6a5983a0040710e86710f52711058030000005f636371116807680b4308cf08f6cc59fce33f711286711352711458030000005f633171156807680b4308f572bcb3fdd0c33f711686711752711858040000005f636d7571196807680b4308031b52bcb49fad3f711a86711b52711c58080000005f635f7369676d61711d6807680b43089886065d9f8edc3f711e86711f52712058080000005f645f7369676d6171216807680b4308a6a141d7a723f73f712286712352712458030000005f636d71254b0158060000005f6368695f6e7126473ff411804baabfb458080000005f776569676874737127636e756d70792e636f72652e6d756c746961727261790a5f7265636f6e7374727563740a7128636e756d70790a6e6461727261790a71294b0085712a430162712b87712c52712d284b014b0685712e680858020000006638712f8988877130527131284b03680c4e4e4e4affffffff4affffffff4b00747132628943303d81341aa762e43fed14472b6636d23f67a23f812e11b43f94d816a51c54d2bfe3fe9c65897ae8bf916ebfbfe67ef2bf71337471346258080000005f705f7369676d617135682868294b00857136682b877137527138284b014b02857139680b8943105a5f9180d5500cc048e0dc73f12ee2bf713a74713b6258030000005f7063713c682868294b0085713d682b87713e52713f284b014b02857140680b89431089b489421c4df0bf59870f04fa14ba3f71417471426258050000005f6d65616e7143682868294b00857144682b877145527146284b014b0285714768318943100000000000000000b5321e8f2372c13f71487471496258060000005f7369676d61714a6807680b4308708fdb97d750c43f714b86714c52714d58020000005f44714e4e58020000005f42714f4e58070000005f626f756e64737150682868294b00857151682b877152527153284b014b024b028671546831894320000000000000e0bf000000000000f83f9a9999999999a9bf666666666666d63f71557471566258110000005f6e5f6d61785f726573616d706c696e6771574b1458020000005f6771584b0258050000005f746f6c7871596807680b4308acf930f0d6c3323d715a86715b52715c58070000005f746f6c787570715d4740c388000000000,058070000005f746f6c66756e715e473d719799812dea1158100000005f746f6c636f6e646974696f6e636f76715f4742d6bcc41e900000580d0000005f66756e686973745f7465726d71604b14580f0000005f66756e686973745f76616c7565737161682868294b00857162682b877163527164284b014b2885716568318942400100000000000000000000000000000000f03f000000000bb5e6bf00000040f5b9babf000000c01e85e3bf0000008004c5dfbf000000000000f03f0000000000000040000000000000f03f000000000000000000000000000000000000000000000000000000000000000000000000000000000000000000000040000000000000000000000000000000000000000000000000000000000000004000000000000000000000000000000000000000000000000000000000000000000000000000000040000000000000000000000000000000000000000000000000000000000000000000000000000000400000000000000000000000000000000000000000000000000000000000000000000000000000f03f0000000000000000000000000000f03f000000000000000000000000000000000000000000000000000000000000000071667471676258050000005f635f31647168682868294b00857169682b87716a52716b284b014b0385716c680b8943183dda2151667c144016f8d38cd755d3bf5615111d3836f03f716d74716e6275622e,PRUNED
32,0.10520000010728836,2023-04-08 05:07:26.964580,2023-04-08 05:07:44.125936,0 days 00:00:17.161356,0.01,0.01,0,64,0.1,0.001,Adam,1.0,0.0,,,PRUNED
24,0.10439999401569366,2023-04-08 05:04:45.873091,2023-04-08 05:05:02.656658,0 days 00:00:16.783567,0.001,0.0,0,256,0.2,0.01,Adam,1.0,0.0,,,PRUNED
79,0.10439999401569366,2023-04-08 05:31:13.764472,2023-04-08 05:31:31.154350,0 days 00:00:17.389878,0.001,0.01,0,128,0.2,0.01,Adam,2.0,0.0,,,PRUNED
80,0.10439999401569366,2023-04-08 05:31:31.156874,2023-04-08 05:31:47.978162,0 days 00:00:16.821288,0.01,0.0,0,64,0.3,0.01,Adam,2.0,0.0,,,PRUNED
1,0.10439999401569366,2023-04-08 04:42:38.563006,2023-04-08 04:44:41.831246,0 days 00:02:03.268240,0.01,0.01,0,32,0.1,0.01,SGD,0.0,0.0,,,COMPLETE
99,0.10319999605417252,2023-04-08 05:40:46.823338,2023-04-08 05:41:02.526580,0 days 00:00:15.703242,0.0,0.001,0,256,0.1,0.01,Adam,3.0,0.0,,,PRUNED
40,0.10239999741315842,2023-04-08 05:11:25.814840,2023-04-08 05:11:41.166339,0 days 00:00:15.351499,0.001,0.01,1,128,0.1,0.001,Adam,1.0,0.0,,,PRUNED
16,0.10159999877214432,2023-04-08 05:00:42.913216,2023-04-08 05:01:04.839641,0 days 00:00:21.926425,0.01,0.01,0,32,0.3,0.01,Adam,1.0,0.0,,,PRUNED
25,0.10159999877214432,2023-04-08 05:05:02.672384,2023-04-08 05:05:20.209102,0 days 00:00:17.536718,0.01,0.01,1,128,0.3,0.001,Adam,1.0,0.0,,,PRUNED
58,0.10080000013113022,2023-04-08 05:20:06.146406,2023-04-08 05:20:21.339175,0 days 00:00:15.192769,0.0,0.001,0,128,0.0,0.01,Adam,2.0,0.0,800363636d6165732e5f636d610a434d410a7100298171017d71022858060000005f6e5f64696d71034b0258080000005f706f7073697a6571044b0658030000005f6d7571054b0358070000005f6d755f6566667106636e756d70792e636f72652e6d756c746961727261790a7363616c61720a7107636e756d70790a64747970650a7108580200000066387109898887710a52710b284b0358010000003c710c4e4e4e4affffffff4affffffff4b0074710d624308b753c6a5983a0040710e86710f52711058030000005f636371116807680b4308cf08f6cc59fce33f711286711352711458030000005f633171156807680b4308f572bcb3fdd0c33f711686711752711858040000005f636d7571196807680b4308031b52bcb49fad3f711a86711b52711c58080000005f635f7369676d61711d6807680b43089886065d9f8edc3f711e86711f52712058080000005f645f7369676d6171216807680b4308a6a141d7a723f73f712286712352712458030000005f636d71254b0158060000005f6368695f6e7126473ff411804baabfb458080000005f776569676874737127636e756d70792e636f72652e6d756c746961727261790a5f7265636f6e7374727563740a7128636e756d70790a6e6461727261790a71294b0085712a430162712b87712c52712d284b014b0685712e680858020000006638712f8988877130527131284b03680c4e4e4e4affffffff4affffffff4b00747132628943303d81341aa762e43fed14472b6636d23f67a23f812e11b43f94d816a51c54d2bfe3fe9c65897ae8bf916ebfbfe67ef2bf71337471346258080000005f705f7369676d617135682868294b00857136682b877137527138284b014b02857139680b8943105a5f9180d5500cc048e0dc73f12ee2bf713a74713b6258030000005f7063713c682868294b0085713d682b87713e52713f284b014b02857140680b89431089b489421c4df0bf59870f04fa14ba3f71417471426258050000005f6d65616e7143682868294b00857144682b877145527146284b014b0285714768318943100000000000000000b5321e8f2372c13f71487471496258060000005f7369676d61714a6807680b4308708fdb97d750c43f714b86714c52714d58020000005f44714e4e58020000005f42714f4e58070000005f626f756e64737150682868294b00857151682b877152527153284b014b024b028671546831894320000000000000e0bf000000000000f83f9a9999999999a9bf666666666666d63f71557471566258110000005f6e5f6d61785f726573616d706c696e6771574b1458020000005f6771584b0258050000005f746f6c7871596807680b4308acf930f0d6c3323d715a86715b52715c58070000005f746f6c787570715d4740c388000000000,058070000005f746f6c66756e715e473d719799812dea1158100000005f746f6c636f6e646974696f6e636f76715f4742d6bcc41e900000580d0000005f66756e686973745f7465726d71604b14580f0000005f66756e686973745f76616c7565737161682868294b00857162682b877163527164284b014b2885716568318942400100000000000000000000000000000000f03f000000000bb5e6bf00000040f5b9babf000000c01e85e3bf0000008004c5dfbf000000000000f03f0000000000000040000000000000f03f000000000000000000000000000000000000000000000000000000000000000000000000000000000000000000000040000000000000000000000000000000000000000000000000000000000000004000000000000000000000000000000000000000000000000000000000000000000000000000000040000000000000000000000000000000000000000000000000000000000000000000000000000000400000000000000000000000000000000000000000000000000000000000000000000000000000f03f0000000000000000000000000000f03f000000000000000000000000000000000000000000000000000000000000000071667471676258050000005f635f31647168682868294b00857169682b87716a52716b284b014b0385716c680b8943183dda2151667c144016f8d38cd755d3bf5615111d3836f03f716d74716e6275622e,PRUNED
23,0.09919999539852142,2023-04-08 05:04:26.882992,2023-04-08 05:04:45.865366,0 days 00:00:18.982374,0.01,0.01,0,256,0.0,0.001,Adam,1.0,0.0,,,PRUNED
20,0.09919999539852142,2023-04-08 05:01:58.388947,2023-04-08 05:02:15.965626,0 days 00:00:17.576679,0.001,0.001,0,256,0.2,0.01,Adam,1.0,0.0,,,PRUNED
68,0.09919999539852142,2023-04-08 05:25:13.354490,2023-04-08 05:25:30.700206,0 days 00:00:17.345716,0.01,0.01,0,64,0.2,0.01,Adam,2.0,0.0,,,PRUNED
97,0.09919999539852142,2023-04-08 05:40:13.961393,2023-04-08 05:40:29.730773,0 days 00:00:15.769380,0.01,0.001,0,256,0.1,0.001,Adam,3.0,0.0,,,PRUNED
49,0.09919999539852142,2023-04-08 05:16:43.151504,2023-04-08 05:16:58.731583,0 days 00:00:15.580079,0.01,0.01,0,256,0.2,0.001,Adam,2.0,0.0,800363636d6165732e5f636d610a434d410a7100298171017d71022858060000005f6e5f64696d71034b0258080000005f706f7073697a6571044b0658030000005f6d7571054b0358070000005f6d755f6566667106636e756d70792e636f72652e6d756c746961727261790a7363616c61720a7107636e756d70790a64747970650a7108580200000066387109898887710a52710b284b0358010000003c710c4e4e4e4affffffff4affffffff4b0074710d624308b753c6a5983a0040710e86710f52711058030000005f636371116807680b4308cf08f6cc59fce33f711286711352711458030000005f633171156807680b4308f572bcb3fdd0c33f711686711752711858040000005f636d7571196807680b4308031b52bcb49fad3f711a86711b52711c58080000005f635f7369676d61711d6807680b43089886065d9f8edc3f711e86711f52712058080000005f645f7369676d6171216807680b4308a6a141d7a723f73f712286712352712458030000005f636d71254b0158060000005f6368695f6e7126473ff411804baabfb458080000005f776569676874737127636e756d70792e636f72652e6d756c746961727261790a5f7265636f6e7374727563740a7128636e756d70790a6e6461727261790a71294b0085712a430162712b87712c52712d284b014b0685712e680858020000006638712f8988877130527131284b03680c4e4e4e4affffffff4affffffff4b00747132628943303d81341aa762e43fed14472b6636d23f67a23f812e11b43f94d816a51c54d2bfe3fe9c65897ae8bf916ebfbfe67ef2bf71337471346258080000005f705f7369676d617135682868294b00857136682b877137527138284b014b02857139680b8943105a5f9180d5500cc048e0dc73f12ee2bf713a74713b6258030000005f7063713c682868294b0085713d682b87713e52713f284b014b02857140680b89431089b489421c4df0bf59870f04fa14ba3f71417471426258050000005f6d65616e7143682868294b00857144682b877145527146284b014b0285714768318943100000000000000000b5321e8f2372c13f71487471496258060000005f7369676d61714a6807680b4308708fdb97d750c43f714b86714c52714d58020000005f44714e4e58020000005f42714f4e58070000005f626f756e64737150682868294b00857151682b877152527153284b014b024b028671546831894320000000000000e0bf000000000000f83f9a9999999999a9bf666666666666d63f71557471566258110000005f6e5f6d61785f726573616d706c696e6771574b1458020000005f6771584b0258050000005f746f6c7871596807680b4308acf930f0d6c3323d715a86715b52715c58070000005f746f6c787570715d4740c388000000000,058070000005f746f6c66756e715e473d719799812dea1158100000005f746f6c636f6e646974696f6e636f76715f4742d6bcc41e900000580d0000005f66756e686973745f7465726d71604b14580f0000005f66756e686973745f76616c7565737161682868294b00857162682b877163527164284b014b2885716568318942400100000000000000000000000000000000f03f000000000bb5e6bf00000040f5b9babf000000c01e85e3bf0000008004c5dfbf000000000000f03f0000000000000040000000000000f03f000000000000000000000000000000000000000000000000000000000000000000000000000000000000000000000040000000000000000000000000000000000000000000000000000000000000004000000000000000000000000000000000000000000000000000000000000000000000000000000040000000000000000000000000000000000000000000000000000000000000000000000000000000400000000000000000000000000000000000000000000000000000000000000000000000000000f03f0000000000000000000000000000f03f000000000000000000000000000000000000000000000000000000000000000071667471676258050000005f635f31647168682868294b00857169682b87716a52716b284b014b0385716c680b8943183dda2151667c144016f8d38cd755d3bf5615111d3836f03f716d74716e6275622e,PRUNED
89,0.09759999811649323,2023-04-08 05:36:24.569209,2023-04-08 05:36:42.871918,0 days 00:00:18.302709,0.001,0.01,0,128,0.2,0.01,Adam,3.0,0.0,800363636d6165732e5f636d610a434d410a7100298171017d71022858060000005f6e5f64696d71034b0258080000005f706f7073697a6571044b0658030000005f6d7571054b0358070000005f6d755f6566667106636e756d70792e636f72652e6d756c746961727261790a7363616c61720a7107636e756d70790a64747970650a7108580200000066387109898887710a52710b284b0358010000003c710c4e4e4e4affffffff4affffffff4b0074710d624308b753c6a5983a0040710e86710f52711058030000005f636371116807680b4308cf08f6cc59fce33f711286711352711458030000005f633171156807680b4308f572bcb3fdd0c33f711686711752711858040000005f636d7571196807680b4308031b52bcb49fad3f711a86711b52711c58080000005f635f7369676d61711d6807680b43089886065d9f8edc3f711e86711f52712058080000005f645f7369676d6171216807680b4308a6a141d7a723f73f712286712352712458030000005f636d71254b0158060000005f6368695f6e7126473ff411804baabfb458080000005f776569676874737127636e756d70792e636f72652e6d756c746961727261790a5f7265636f6e7374727563740a7128636e756d70790a6e6461727261790a71294b0085712a430162712b87712c52712d284b014b0685712e680858020000006638712f8988877130527131284b03680c4e4e4e4affffffff4affffffff4b00747132628943303d81341aa762e43fed14472b6636d23f67a23f812e11b43f94d816a51c54d2bfe3fe9c65897ae8bf916ebfbfe67ef2bf71337471346258080000005f705f7369676d617135682868294b00857136682b877137527138284b014b02857139680b894310335c53201e94ffbf9802a20759a3e4bf713a74713b6258030000005f7063713c682868294b0085713d682b87713e52713f284b014b02857140680b894310b3c971f6197bd8bf7108ec20860bd5bf71417471426258050000005f6d65616e7143682868294b00857144682b877145527146284b014b02857147683189431000000000000000005c09e0bfe197b73f71487471496258060000005f7369676d61714a6807680b4308f0bf464977dec83f714b86714c52714d58020000005f44714e4e58020000005f42714f4e58070000005f626f756e64737150682868294b00857151682b877152527153284b014b024b028671546831894320000000000000e0bf000000000000f83f9a9999999999a9bf666666666666d63f71557471566258110000005f6e5f6d61785f726573616d706c696e6771574b1458020000005f6771584b0358050000005f746f6c7871596807680b4308acf930f0d6c3323d715a86715b52715c58070000005f746f6c787570715d4740c388000000000,058070000005f746f6c66756e715e473d719799812dea1158100000005f746f6c636f6e646974696f6e636f76715f4742d6bcc41e900000580d0000005f66756e686973745f7465726d71604b14580f0000005f66756e686973745f76616c7565737161682868294b00857162682b877163527164284b014b2885716568318942400100000000000000000000000000000000f03f000000000bb5e6bf00000040f5b9babf000000c01e85e3bf0000008004c5dfbf00000080c2f5e8bf000000204a7be3bf000000000000f03f000000000000000000000000000000000000000000000000000000000000000000000000000000000000000000000040000000000000000000000000000000000000000000000000000000000000004000000000000000000000000000000000000000000000000000000000000000000000000000000040000000000000000000000000000000000000000000000000000000000000000000000000000000400000000000000000000000000000000000000000000000000000000000000000000000000000f03f0000000000000000000000000000f03f000000000000000000000000000000000000000000000000000000000000000071667471676258050000005f635f31647168682868294b00857169682b87716a52716b284b014b0385716c680b894318c75394f706d612401686d5874172d0bffacd61eabb43e63f716d74716e6275622e,PRUNED
26,0.09759999811649323,2023-04-08 05:05:20.211439,2023-04-08 05:05:37.779787,0 days 00:00:17.568348,0.01,0.001,0,256,0.0,0.01,Adam,1.0,0.0,,,PRUNED
21,0.09600000083446503,2023-04-08 05:02:15.967482,2023-04-08 05:02:34.581609,0 days 00:00:18.614127,0.01,0.01,1,256,0.1,0.01,Adam,1.0,0.0,,,PRUNED
94,0.09600000083446503,2023-04-08 05:37:53.387881,2023-04-08 05:38:09.377117,0 days 00:00:15.989236,0.001,0.01,0,128,0.1,0.01,Adam,3.0,0.0,800363636d6165732e5f636d610a434d410a7100298171017d71022858060000005f6e5f64696d71034b0258080000005f706f7073697a6571044b0658030000005f6d7571054b0358070000005f6d755f6566667106636e756d70792e636f72652e6d756c746961727261790a7363616c61720a7107636e756d70790a64747970650a7108580200000066387109898887710a52710b284b0358010000003c710c4e4e4e4affffffff4affffffff4b0074710d624308b753c6a5983a0040710e86710f52711058030000005f636371116807680b4308cf08f6cc59fce33f711286711352711458030000005f633171156807680b4308f572bcb3fdd0c33f711686711752711858040000005f636d7571196807680b4308031b52bcb49fad3f711a86711b52711c58080000005f635f7369676d61711d6807680b43089886065d9f8edc3f711e86711f52712058080000005f645f7369676d6171216807680b4308a6a141d7a723f73f712286712352712458030000005f636d71254b0158060000005f6368695f6e7126473ff411804baabfb458080000005f776569676874737127636e756d70792e636f72652e6d756c746961727261790a5f7265636f6e7374727563740a7128636e756d70790a6e6461727261790a71294b0085712a430162712b87712c52712d284b014b0685712e680858020000006638712f8988877130527131284b03680c4e4e4e4affffffff4affffffff4b00747132628943303d81341aa762e43fed14472b6636d23f67a23f812e11b43f94d816a51c54d2bfe3fe9c65897ae8bf916ebfbfe67ef2bf71337471346258080000005f705f7369676d617135682868294b00857136682b877137527138284b014b02857139680b894310335c53201e94ffbf9802a20759a3e4bf713a74713b6258030000005f7063713c682868294b0085713d682b87713e52713f284b014b02857140680b894310b3c971f6197bd8bf7108ec20860bd5bf71417471426258050000005f6d65616e7143682868294b00857144682b877145527146284b014b02857147683189431000000000000000005c09e0bfe197b73f71487471496258060000005f7369676d61714a6807680b4308f0bf464977dec83f714b86714c52714d58020000005f44714e4e58020000005f42714f4e58070000005f626f756e64737150682868294b00857151682b877152527153284b014b024b028671546831894320000000000000e0bf000000000000f83f9a9999999999a9bf666666666666d63f71557471566258110000005f6e5f6d61785f726573616d706c696e6771574b1458020000005f6771584b0358050000005f746f6c7871596807680b4308acf930f0d6c3323d715a86715b52715c58070000005f746f6c787570715d4740c388000000000,058070000005f746f6c66756e715e473d719799812dea1158100000005f746f6c636f6e646974696f6e636f76715f4742d6bcc41e900000580d0000005f66756e686973745f7465726d71604b14580f0000005f66756e686973745f76616c7565737161682868294b00857162682b877163527164284b014b2885716568318942400100000000000000000000000000000000f03f000000000bb5e6bf00000040f5b9babf000000c01e85e3bf0000008004c5dfbf00000080c2f5e8bf000000204a7be3bf000000000000f03f000000000000000000000000000000000000000000000000000000000000000000000000000000000000000000000040000000000000000000000000000000000000000000000000000000000000004000000000000000000000000000000000000000000000000000000000000000000000000000000040000000000000000000000000000000000000000000000000000000000000000000000000000000400000000000000000000000000000000000000000000000000000000000000000000000000000f03f0000000000000000000000000000f03f000000000000000000000000000000000000000000000000000000000000000071667471676258050000005f635f31647168682868294b00857169682b87716a52716b284b014b0385716c680b894318c75394f706d612401686d5874172d0bffacd61eabb43e63f716d74716e6275622e,PRUNED
52,0.09399999678134918,2023-04-08 05:17:37.178493,2023-04-08 05:18:10.107875,0 days 00:00:32.929382,0.01,0.001,0,64,0.2,0.01,SGD,2.0,0.0,800363636d6165732e5f636d610a434d410a7100298171017d71022858060000005f6e5f64696d71034b0258080000005f706f7073697a6571044b0658030000005f6d7571054b0358070000005f6d755f6566667106636e756d70792e636f72652e6d756c746961727261790a7363616c61720a7107636e756d70790a64747970650a7108580200000066387109898887710a52710b284b0358010000003c710c4e4e4e4affffffff4affffffff4b0074710d624308b753c6a5983a0040710e86710f52711058030000005f636371116807680b4308cf08f6cc59fce33f711286711352711458030000005f633171156807680b4308f572bcb3fdd0c33f711686711752711858040000005f636d7571196807680b4308031b52bcb49fad3f711a86711b52711c58080000005f635f7369676d61711d6807680b43089886065d9f8edc3f711e86711f52712058080000005f645f7369676d6171216807680b4308a6a141d7a723f73f712286712352712458030000005f636d71254b0158060000005f6368695f6e7126473ff411804baabfb458080000005f776569676874737127636e756d70792e636f72652e6d756c746961727261790a5f7265636f6e7374727563740a7128636e756d70790a6e6461727261790a71294b0085712a430162712b87712c52712d284b014b0685712e680858020000006638712f8988877130527131284b03680c4e4e4e4affffffff4affffffff4b00747132628943303d81341aa762e43fed14472b6636d23f67a23f812e11b43f94d816a51c54d2bfe3fe9c65897ae8bf916ebfbfe67ef2bf71337471346258080000005f705f7369676d617135682868294b00857136682b877137527138284b014b02857139680b8943105a5f9180d5500cc048e0dc73f12ee2bf713a74713b6258030000005f7063713c682868294b0085713d682b87713e52713f284b014b02857140680b89431089b489421c4df0bf59870f04fa14ba3f71417471426258050000005f6d65616e7143682868294b00857144682b877145527146284b014b0285714768318943100000000000000000b5321e8f2372c13f71487471496258060000005f7369676d61714a6807680b4308708fdb97d750c43f714b86714c52714d58020000005f44714e4e58020000005f42714f4e58070000005f626f756e64737150682868294b00857151682b877152527153284b014b024b028671546831894320000000000000e0bf000000000000f83f9a9999999999a9bf666666666666d63f71557471566258110000005f6e5f6d61785f726573616d706c696e6771574b1458020000005f6771584b0258050000005f746f6c7871596807680b4308acf930f0d6c3323d715a86715b52715c58070000005f746f6c787570715d4740c388000000000,058070000005f746f6c66756e715e473d719799812dea1158100000005f746f6c636f6e646974696f6e636f76715f4742d6bcc41e900000580d0000005f66756e686973745f7465726d71604b14580f0000005f66756e686973745f76616c7565737161682868294b00857162682b877163527164284b014b2885716568318942400100000000000000000000000000000000f03f000000000bb5e6bf00000040f5b9babf000000c01e85e3bf0000008004c5dfbf000000000000f03f0000000000000040000000000000f03f000000000000000000000000000000000000000000000000000000000000000000000000000000000000000000000040000000000000000000000000000000000000000000000000000000000000004000000000000000000000000000000000000000000000000000000000000000000000000000000040000000000000000000000000000000000000000000000000000000000000000000000000000000400000000000000000000000000000000000000000000000000000000000000000000000000000f03f0000000000000000000000000000f03f000000000000000000000000000000000000000000000000000000000000000071667471676258050000005f635f31647168682868294b00857169682b87716a52716b284b014b0385716c680b8943183dda2151667c144016f8d38cd755d3bf5615111d3836f03f716d74716e6275622e,PRUNED
10,0.09399999678134918,2023-04-08 04:58:34.362490,2023-04-08 04:58:56.521370,0 days 00:00:22.158880,0.01,0.0,0,32,0.3,0.01,Adam,1.0,0.0,,,PRUNED
